Fabricante,Dosis,Fecha,Cantidad
Total,Primera,2020-12-24,420
Total,Segunda,2020-12-24,0
Pfizer,Primera,2020-12-24,420
Pfizer,Segunda,2020-12-24,0
Sinovac,Primera,2020-12-24,0
Sinovac,Segunda,2020-12-24,0
CanSino,Primera,2020-12-24,0
CanSino,Segunda,2020-12-24,0
Astra-Zeneca,Primera,2020-12-24,0
Astra-Zeneca,Segunda,2020-12-24,0
Total,Primera,2020-12-25,5202
Total,Segunda,2020-12-25,0
Pfizer,Primera,2020-12-25,5202
Pfizer,Segunda,2020-12-25,0
Sinovac,Primera,2020-12-25,0
Sinovac,Segunda,2020-12-25,0
CanSino,Primera,2020-12-25,0
CanSino,Segunda,2020-12-25,0
Astra-Zeneca,Primera,2020-12-25,0
Astra-Zeneca,Segunda,2020-12-25,0
Total,Primera,2020-12-26,8345
Total,Segunda,2020-12-26,0
Pfizer,Primera,2020-12-26,8345
Pfizer,Segunda,2020-12-26,0
Sinovac,Primera,2020-12-26,0
Sinovac,Segunda,2020-12-26,0
CanSino,Primera,2020-12-26,0
CanSino,Segunda,2020-12-26,0
Astra-Zeneca,Primera,2020-12-26,0
Astra-Zeneca,Segunda,2020-12-26,0
Total,Primera,2020-12-27,8656
Total,Segunda,2020-12-27,0
Pfizer,Primera,2020-12-27,8656
Pfizer,Segunda,2020-12-27,0
Sinovac,Primera,2020-12-27,0
Sinovac,Segunda,2020-12-27,0
CanSino,Primera,2020-12-27,0
CanSino,Segunda,2020-12-27,0
Astra-Zeneca,Primera,2020-12-27,0
Astra-Zeneca,Segunda,2020-12-27,0
Total,Primera,2020-12-28,8656
Total,Segunda,2020-12-28,0
Pfizer,Primera,2020-12-28,8656
Pfizer,Segunda,2020-12-28,0
Sinovac,Primera,2020-12-28,0
Sinovac,Segunda,2020-12-28,0
CanSino,Primera,2020-12-28,0
CanSino,Segunda,2020-12-28,0
Astra-Zeneca,Primera,2020-12-28,0
Astra-Zeneca,Segunda,2020-12-28,0
Total,Primera,2020-12-29,8656
Total,Segunda,2020-12-29,0
Pfizer,Primera,2020-12-29,8656
Pfizer,Segunda,2020-12-29,0
Sinovac,Primera,2020-12-29,0
Sinovac,Segunda,2020-12-29,0
CanSino,Primera,2020-12-29,0
CanSino,Segunda,2020-12-29,0
Astra-Zeneca,Primera,2020-12-29,0
Astra-Zeneca,Segunda,2020-12-29,0
Total,Primera,2020-12-30,8656
Total,Segunda,2020-12-30,0
Pfizer,Primera,2020-12-30,8656
Pfizer,Segunda,2020-12-30,0
Sinovac,Primera,2020-12-30,0
Sinovac,Segunda,2020-12-30,0
CanSino,Primera,2020-12-30,0
CanSino,Segunda,2020-12-30,0
Astra-Zeneca,Primera,2020-12-30,0
Astra-Zeneca,Segunda,2020-12-30,0
Total,Primera,2020-12-31,8656
Total,Segunda,2020-12-31,0
Pfizer,Primera,2020-12-31,8656
Pfizer,Segunda,2020-12-31,0
Sinovac,Primera,2020-12-31,0
Sinovac,Segunda,2020-12-31,0
CanSino,Primera,2020-12-31,0
CanSino,Segunda,2020-12-31,0
Astra-Zeneca,Primera,2020-12-31,0
Astra-Zeneca,Segunda,2020-12-31,0
Total,Primera,2021-01-01,8656
Total,Segunda,2021-01-01,0
Pfizer,Primera,2021-01-01,8656
Pfizer,Segunda,2021-01-01,0
Sinovac,Primera,2021-01-01,0
Sinovac,Segunda,2021-01-01,0
CanSino,Primera,2021-01-01,0
CanSino,Segunda,2021-01-01,0
Astra-Zeneca,Primera,2021-01-01,0
Astra-Zeneca,Segunda,2021-01-01,0
Total,Primera,2021-01-02,8656
Total,Segunda,2021-01-02,0
Pfizer,Primera,2021-01-02,8656
Pfizer,Segunda,2021-01-02,0
Sinovac,Primera,2021-01-02,0
Sinovac,Segunda,2021-01-02,0
CanSino,Primera,2021-01-02,0
CanSino,Segunda,2021-01-02,0
Astra-Zeneca,Primera,2021-01-02,0
Astra-Zeneca,Segunda,2021-01-02,0
Total,Primera,2021-01-03,8656
Total,Segunda,2021-01-03,0
Pfizer,Primera,2021-01-03,8656
Pfizer,Segunda,2021-01-03,0
Sinovac,Primera,2021-01-03,0
Sinovac,Segunda,2021-01-03,0
CanSino,Primera,2021-01-03,0
CanSino,Segunda,2021-01-03,0
Astra-Zeneca,Primera,2021-01-03,0
Astra-Zeneca,Segunda,2021-01-03,0
Total,Primera,2021-01-04,9061
Total,Segunda,2021-01-04,0
Pfizer,Primera,2021-01-04,9061
Pfizer,Segunda,2021-01-04,0
Sinovac,Primera,2021-01-04,0
Sinovac,Segunda,2021-01-04,0
CanSino,Primera,2021-01-04,0
CanSino,Segunda,2021-01-04,0
Astra-Zeneca,Primera,2021-01-04,0
Astra-Zeneca,Segunda,2021-01-04,0
Total,Primera,2021-01-05,10504
Total,Segunda,2021-01-05,0
Pfizer,Primera,2021-01-05,10504
Pfizer,Segunda,2021-01-05,0
Sinovac,Primera,2021-01-05,0
Sinovac,Segunda,2021-01-05,0
CanSino,Primera,2021-01-05,0
CanSino,Segunda,2021-01-05,0
Astra-Zeneca,Primera,2021-01-05,0
Astra-Zeneca,Segunda,2021-01-05,0
Total,Primera,2021-01-06,10709
Total,Segunda,2021-01-06,0
Pfizer,Primera,2021-01-06,10709
Pfizer,Segunda,2021-01-06,0
Sinovac,Primera,2021-01-06,0
Sinovac,Segunda,2021-01-06,0
CanSino,Primera,2021-01-06,0
CanSino,Segunda,2021-01-06,0
Astra-Zeneca,Primera,2021-01-06,0
Astra-Zeneca,Segunda,2021-01-06,0
Total,Primera,2021-01-07,10709
Total,Segunda,2021-01-07,0
Pfizer,Primera,2021-01-07,10709
Pfizer,Segunda,2021-01-07,0
Sinovac,Primera,2021-01-07,0
Sinovac,Segunda,2021-01-07,0
CanSino,Primera,2021-01-07,0
CanSino,Segunda,2021-01-07,0
Astra-Zeneca,Primera,2021-01-07,0
Astra-Zeneca,Segunda,2021-01-07,0
Total,Primera,2021-01-08,10709
Total,Segunda,2021-01-08,0
Pfizer,Primera,2021-01-08,10709
Pfizer,Segunda,2021-01-08,0
Sinovac,Primera,2021-01-08,0
Sinovac,Segunda,2021-01-08,0
CanSino,Primera,2021-01-08,0
CanSino,Segunda,2021-01-08,0
Astra-Zeneca,Primera,2021-01-08,0
Astra-Zeneca,Segunda,2021-01-08,0
Total,Primera,2021-01-09,10709
Total,Segunda,2021-01-09,0
Pfizer,Primera,2021-01-09,10709
Pfizer,Segunda,2021-01-09,0
Sinovac,Primera,2021-01-09,0
Sinovac,Segunda,2021-01-09,0
CanSino,Primera,2021-01-09,0
CanSino,Segunda,2021-01-09,0
Astra-Zeneca,Primera,2021-01-09,0
Astra-Zeneca,Segunda,2021-01-09,0
Total,Primera,2021-01-10,10710
Total,Segunda,2021-01-10,0
Pfizer,Primera,2021-01-10,10710
Pfizer,Segunda,2021-01-10,0
Sinovac,Primera,2021-01-10,0
Sinovac,Segunda,2021-01-10,0
CanSino,Primera,2021-01-10,0
CanSino,Segunda,2021-01-10,0
Astra-Zeneca,Primera,2021-01-10,0
Astra-Zeneca,Segunda,2021-01-10,0
Total,Primera,2021-01-11,10710
Total,Segunda,2021-01-11,0
Pfizer,Primera,2021-01-11,10710
Pfizer,Segunda,2021-01-11,0
Sinovac,Primera,2021-01-11,0
Sinovac,Segunda,2021-01-11,0
CanSino,Primera,2021-01-11,0
CanSino,Segunda,2021-01-11,0
Astra-Zeneca,Primera,2021-01-11,0
Astra-Zeneca,Segunda,2021-01-11,0
Total,Primera,2021-01-12,10710
Total,Segunda,2021-01-12,0
Pfizer,Primera,2021-01-12,10710
Pfizer,Segunda,2021-01-12,0
Sinovac,Primera,2021-01-12,0
Sinovac,Segunda,2021-01-12,0
CanSino,Primera,2021-01-12,0
CanSino,Segunda,2021-01-12,0
Astra-Zeneca,Primera,2021-01-12,0
Astra-Zeneca,Segunda,2021-01-12,0
Total,Primera,2021-01-13,10711
Total,Segunda,2021-01-13,1032
Pfizer,Primera,2021-01-13,10711
Pfizer,Segunda,2021-01-13,1032
Sinovac,Primera,2021-01-13,0
Sinovac,Segunda,2021-01-13,0
CanSino,Primera,2021-01-13,0
CanSino,Segunda,2021-01-13,0
Astra-Zeneca,Primera,2021-01-13,0
Astra-Zeneca,Segunda,2021-01-13,0
Total,Primera,2021-01-14,12831
Total,Segunda,2021-01-14,5829
Pfizer,Primera,2021-01-14,12831
Pfizer,Segunda,2021-01-14,5829
Sinovac,Primera,2021-01-14,0
Sinovac,Segunda,2021-01-14,0
CanSino,Primera,2021-01-14,0
CanSino,Segunda,2021-01-14,0
Astra-Zeneca,Primera,2021-01-14,0
Astra-Zeneca,Segunda,2021-01-14,0
Total,Primera,2021-01-15,13788
Total,Segunda,2021-01-15,8303
Pfizer,Primera,2021-01-15,13788
Pfizer,Segunda,2021-01-15,8303
Sinovac,Primera,2021-01-15,0
Sinovac,Segunda,2021-01-15,0
CanSino,Primera,2021-01-15,0
CanSino,Segunda,2021-01-15,0
Astra-Zeneca,Primera,2021-01-15,0
Astra-Zeneca,Segunda,2021-01-15,0
Total,Primera,2021-01-16,13811
Total,Segunda,2021-01-16,8370
Pfizer,Primera,2021-01-16,13811
Pfizer,Segunda,2021-01-16,8370
Sinovac,Primera,2021-01-16,0
Sinovac,Segunda,2021-01-16,0
CanSino,Primera,2021-01-16,0
CanSino,Segunda,2021-01-16,0
Astra-Zeneca,Primera,2021-01-16,0
Astra-Zeneca,Segunda,2021-01-16,0
Total,Primera,2021-01-17,13811
Total,Segunda,2021-01-17,8370
Pfizer,Primera,2021-01-17,13811
Pfizer,Segunda,2021-01-17,8370
Sinovac,Primera,2021-01-17,0
Sinovac,Segunda,2021-01-17,0
CanSino,Primera,2021-01-17,0
CanSino,Segunda,2021-01-17,0
Astra-Zeneca,Primera,2021-01-17,0
Astra-Zeneca,Segunda,2021-01-17,0
Total,Primera,2021-01-18,24862
Total,Segunda,2021-01-18,8370
Pfizer,Primera,2021-01-18,24862
Pfizer,Segunda,2021-01-18,8370
Sinovac,Primera,2021-01-18,0
Sinovac,Segunda,2021-01-18,0
CanSino,Primera,2021-01-18,0
CanSino,Segunda,2021-01-18,0
Astra-Zeneca,Primera,2021-01-18,0
Astra-Zeneca,Segunda,2021-01-18,0
Total,Primera,2021-01-19,44226
Total,Segunda,2021-01-19,8371
Pfizer,Primera,2021-01-19,44226
Pfizer,Segunda,2021-01-19,8371
Sinovac,Primera,2021-01-19,0
Sinovac,Segunda,2021-01-19,0
CanSino,Primera,2021-01-19,0
CanSino,Segunda,2021-01-19,0
Astra-Zeneca,Primera,2021-01-19,0
Astra-Zeneca,Segunda,2021-01-19,0
Total,Primera,2021-01-20,53535
Total,Segunda,2021-01-20,8371
Pfizer,Primera,2021-01-20,53535
Pfizer,Segunda,2021-01-20,8371
Sinovac,Primera,2021-01-20,0
Sinovac,Segunda,2021-01-20,0
CanSino,Primera,2021-01-20,0
CanSino,Segunda,2021-01-20,0
Astra-Zeneca,Primera,2021-01-20,0
Astra-Zeneca,Segunda,2021-01-20,0
Total,Primera,2021-01-21,56592
Total,Segunda,2021-01-21,8371
Pfizer,Primera,2021-01-21,56592
Pfizer,Segunda,2021-01-21,8371
Sinovac,Primera,2021-01-21,0
Sinovac,Segunda,2021-01-21,0
CanSino,Primera,2021-01-21,0
CanSino,Segunda,2021-01-21,0
Astra-Zeneca,Primera,2021-01-21,0
Astra-Zeneca,Segunda,2021-01-21,0
Total,Primera,2021-01-22,57003
Total,Segunda,2021-01-22,8375
Pfizer,Primera,2021-01-22,57003
Pfizer,Segunda,2021-01-22,8375
Sinovac,Primera,2021-01-22,0
Sinovac,Segunda,2021-01-22,0
CanSino,Primera,2021-01-22,0
CanSino,Segunda,2021-01-22,0
Astra-Zeneca,Primera,2021-01-22,0
Astra-Zeneca,Segunda,2021-01-22,0
Total,Primera,2021-01-23,57003
Total,Segunda,2021-01-23,8375
Pfizer,Primera,2021-01-23,57003
Pfizer,Segunda,2021-01-23,8375
Sinovac,Primera,2021-01-23,0
Sinovac,Segunda,2021-01-23,0
CanSino,Primera,2021-01-23,0
CanSino,Segunda,2021-01-23,0
Astra-Zeneca,Primera,2021-01-23,0
Astra-Zeneca,Segunda,2021-01-23,0
Total,Primera,2021-01-24,57003
Total,Segunda,2021-01-24,8375
Pfizer,Primera,2021-01-24,57003
Pfizer,Segunda,2021-01-24,8375
Sinovac,Primera,2021-01-24,0
Sinovac,Segunda,2021-01-24,0
CanSino,Primera,2021-01-24,0
CanSino,Segunda,2021-01-24,0
Astra-Zeneca,Primera,2021-01-24,0
Astra-Zeneca,Segunda,2021-01-24,0
Total,Primera,2021-01-25,57020
Total,Segunda,2021-01-25,9778
Pfizer,Primera,2021-01-25,57020
Pfizer,Segunda,2021-01-25,9778
Sinovac,Primera,2021-01-25,0
Sinovac,Segunda,2021-01-25,0
CanSino,Primera,2021-01-25,0
CanSino,Segunda,2021-01-25,0
Astra-Zeneca,Primera,2021-01-25,0
Astra-Zeneca,Segunda,2021-01-25,0
Total,Primera,2021-01-26,57039
Total,Segunda,2021-01-26,10373
Pfizer,Primera,2021-01-26,57039
Pfizer,Segunda,2021-01-26,10373
Sinovac,Primera,2021-01-26,0
Sinovac,Segunda,2021-01-26,0
CanSino,Primera,2021-01-26,0
CanSino,Segunda,2021-01-26,0
Astra-Zeneca,Primera,2021-01-26,0
Astra-Zeneca,Segunda,2021-01-26,0
Total,Primera,2021-01-27,57040
Total,Segunda,2021-01-27,10407
Pfizer,Primera,2021-01-27,57040
Pfizer,Segunda,2021-01-27,10407
Sinovac,Primera,2021-01-27,0
Sinovac,Segunda,2021-01-27,0
CanSino,Primera,2021-01-27,0
CanSino,Segunda,2021-01-27,0
Astra-Zeneca,Primera,2021-01-27,0
Astra-Zeneca,Segunda,2021-01-27,0
Total,Primera,2021-01-28,57040
Total,Segunda,2021-01-28,10407
Pfizer,Primera,2021-01-28,57040
Pfizer,Segunda,2021-01-28,10407
Sinovac,Primera,2021-01-28,0
Sinovac,Segunda,2021-01-28,0
CanSino,Primera,2021-01-28,0
CanSino,Segunda,2021-01-28,0
Astra-Zeneca,Primera,2021-01-28,0
Astra-Zeneca,Segunda,2021-01-28,0
Total,Primera,2021-01-29,57040
Total,Segunda,2021-01-29,10412
Pfizer,Primera,2021-01-29,57040
Pfizer,Segunda,2021-01-29,10412
Sinovac,Primera,2021-01-29,0
Sinovac,Segunda,2021-01-29,0
CanSino,Primera,2021-01-29,0
CanSino,Segunda,2021-01-29,0
Astra-Zeneca,Primera,2021-01-29,0
Astra-Zeneca,Segunda,2021-01-29,0
Total,Primera,2021-01-30,57041
Total,Segunda,2021-01-30,10412
Pfizer,Primera,2021-01-30,57041
Pfizer,Segunda,2021-01-30,10412
Sinovac,Primera,2021-01-30,0
Sinovac,Segunda,2021-01-30,0
CanSino,Primera,2021-01-30,0
CanSino,Segunda,2021-01-30,0
Astra-Zeneca,Primera,2021-01-30,0
Astra-Zeneca,Segunda,2021-01-30,0
Total,Primera,2021-01-31,57041
Total,Segunda,2021-01-31,10413
Pfizer,Primera,2021-01-31,57041
Pfizer,Segunda,2021-01-31,10413
Sinovac,Primera,2021-01-31,0
Sinovac,Segunda,2021-01-31,0
CanSino,Primera,2021-01-31,0
CanSino,Segunda,2021-01-31,0
Astra-Zeneca,Primera,2021-01-31,0
Astra-Zeneca,Segunda,2021-01-31,0
Total,Primera,2021-02-01,57041
Total,Segunda,2021-02-01,10413
Pfizer,Primera,2021-02-01,57041
Pfizer,Segunda,2021-02-01,10413
Sinovac,Primera,2021-02-01,0
Sinovac,Segunda,2021-02-01,0
CanSino,Primera,2021-02-01,0
CanSino,Segunda,2021-02-01,0
Astra-Zeneca,Primera,2021-02-01,0
Astra-Zeneca,Segunda,2021-02-01,0
Total,Primera,2021-02-02,70226
Total,Segunda,2021-02-02,10419
Pfizer,Primera,2021-02-02,57041
Pfizer,Segunda,2021-02-02,10419
Sinovac,Primera,2021-02-02,13185
Sinovac,Segunda,2021-02-02,0
CanSino,Primera,2021-02-02,0
CanSino,Segunda,2021-02-02,0
Astra-Zeneca,Primera,2021-02-02,0
Astra-Zeneca,Segunda,2021-02-02,0
Total,Primera,2021-02-03,240611
Total,Segunda,2021-02-03,10419
Pfizer,Primera,2021-02-03,57041
Pfizer,Segunda,2021-02-03,10419
Sinovac,Primera,2021-02-03,183570
Sinovac,Segunda,2021-02-03,0
CanSino,Primera,2021-02-03,0
CanSino,Segunda,2021-02-03,0
Astra-Zeneca,Primera,2021-02-03,0
Astra-Zeneca,Segunda,2021-02-03,0
Total,Primera,2021-02-04,414657
Total,Segunda,2021-02-04,12527
Pfizer,Primera,2021-02-04,57061
Pfizer,Segunda,2021-02-04,12527
Sinovac,Primera,2021-02-04,357596
Sinovac,Segunda,2021-02-04,0
CanSino,Primera,2021-02-04,0
CanSino,Segunda,2021-02-04,0
Astra-Zeneca,Primera,2021-02-04,0
Astra-Zeneca,Segunda,2021-02-04,0
Total,Primera,2021-02-05,583492
Total,Segunda,2021-02-05,13197
Pfizer,Primera,2021-02-05,57079
Pfizer,Segunda,2021-02-05,13197
Sinovac,Primera,2021-02-05,526413
Sinovac,Segunda,2021-02-05,0
CanSino,Primera,2021-02-05,0
CanSino,Segunda,2021-02-05,0
Astra-Zeneca,Primera,2021-02-05,0
Astra-Zeneca,Segunda,2021-02-05,0
Total,Primera,2021-02-06,611345
Total,Segunda,2021-02-06,13202
Pfizer,Primera,2021-02-06,57079
Pfizer,Segunda,2021-02-06,13202
Sinovac,Primera,2021-02-06,554266
Sinovac,Segunda,2021-02-06,0
CanSino,Primera,2021-02-06,0
CanSino,Segunda,2021-02-06,0
Astra-Zeneca,Primera,2021-02-06,0
Astra-Zeneca,Segunda,2021-02-06,0
Total,Primera,2021-02-07,619983
Total,Segunda,2021-02-07,13204
Pfizer,Primera,2021-02-07,57079
Pfizer,Segunda,2021-02-07,13204
Sinovac,Primera,2021-02-07,562904
Sinovac,Segunda,2021-02-07,0
CanSino,Primera,2021-02-07,0
CanSino,Segunda,2021-02-07,0
Astra-Zeneca,Primera,2021-02-07,0
Astra-Zeneca,Segunda,2021-02-07,0
Total,Primera,2021-02-08,841499
Total,Segunda,2021-02-08,24985
Pfizer,Primera,2021-02-08,57098
Pfizer,Segunda,2021-02-08,24985
Sinovac,Primera,2021-02-08,784401
Sinovac,Segunda,2021-02-08,0
CanSino,Primera,2021-02-08,0
CanSino,Segunda,2021-02-08,0
Astra-Zeneca,Primera,2021-02-08,0
Astra-Zeneca,Segunda,2021-02-08,0
Total,Primera,2021-02-09,1084009
Total,Segunda,2021-02-09,44374
Pfizer,Primera,2021-02-09,57190
Pfizer,Segunda,2021-02-09,44374
Sinovac,Primera,2021-02-09,1026819
Sinovac,Segunda,2021-02-09,0
CanSino,Primera,2021-02-09,0
CanSino,Segunda,2021-02-09,0
Astra-Zeneca,Primera,2021-02-09,0
Astra-Zeneca,Segunda,2021-02-09,0
Total,Primera,2021-02-10,1356456
Total,Segunda,2021-02-10,52719
Pfizer,Primera,2021-02-10,57290
Pfizer,Segunda,2021-02-10,52719
Sinovac,Primera,2021-02-10,1299166
Sinovac,Segunda,2021-02-10,0
CanSino,Primera,2021-02-10,0
CanSino,Segunda,2021-02-10,0
Astra-Zeneca,Primera,2021-02-10,0
Astra-Zeneca,Segunda,2021-02-10,0
Total,Primera,2021-02-11,1607864
Total,Segunda,2021-02-11,55607
Pfizer,Primera,2021-02-11,57475
Pfizer,Segunda,2021-02-11,55607
Sinovac,Primera,2021-02-11,1550389
Sinovac,Segunda,2021-02-11,0
CanSino,Primera,2021-02-11,0
CanSino,Segunda,2021-02-11,0
Astra-Zeneca,Primera,2021-02-11,0
Astra-Zeneca,Segunda,2021-02-11,0
Total,Primera,2021-02-12,1837149
Total,Segunda,2021-02-12,55817
Pfizer,Primera,2021-02-12,57625
Pfizer,Segunda,2021-02-12,55817
Sinovac,Primera,2021-02-12,1779524
Sinovac,Segunda,2021-02-12,0
CanSino,Primera,2021-02-12,0
CanSino,Segunda,2021-02-12,0
Astra-Zeneca,Primera,2021-02-12,0
Astra-Zeneca,Segunda,2021-02-12,0
Total,Primera,2021-02-13,1866675
Total,Segunda,2021-02-13,55850
Pfizer,Primera,2021-02-13,57625
Pfizer,Segunda,2021-02-13,55850
Sinovac,Primera,2021-02-13,1809050
Sinovac,Segunda,2021-02-13,0
CanSino,Primera,2021-02-13,0
CanSino,Segunda,2021-02-13,0
Astra-Zeneca,Primera,2021-02-13,0
Astra-Zeneca,Segunda,2021-02-13,0
Total,Primera,2021-02-14,1871143
Total,Segunda,2021-02-14,55850
Pfizer,Primera,2021-02-14,57625
Pfizer,Segunda,2021-02-14,55850
Sinovac,Primera,2021-02-14,1813518
Sinovac,Segunda,2021-02-14,0
CanSino,Primera,2021-02-14,0
CanSino,Segunda,2021-02-14,0
Astra-Zeneca,Primera,2021-02-14,0
Astra-Zeneca,Segunda,2021-02-14,0
Total,Primera,2021-02-15,2137020
Total,Segunda,2021-02-15,55850
Pfizer,Primera,2021-02-15,57626
Pfizer,Segunda,2021-02-15,55850
Sinovac,Primera,2021-02-15,2079394
Sinovac,Segunda,2021-02-15,0
CanSino,Primera,2021-02-15,0
CanSino,Segunda,2021-02-15,0
Astra-Zeneca,Primera,2021-02-15,0
Astra-Zeneca,Segunda,2021-02-15,0
Total,Primera,2021-02-16,2357103
Total,Segunda,2021-02-16,55861
Pfizer,Primera,2021-02-16,57627
Pfizer,Segunda,2021-02-16,55861
Sinovac,Primera,2021-02-16,2299476
Sinovac,Segunda,2021-02-16,0
CanSino,Primera,2021-02-16,0
CanSino,Segunda,2021-02-16,0
Astra-Zeneca,Primera,2021-02-16,0
Astra-Zeneca,Segunda,2021-02-16,0
Total,Primera,2021-02-17,2545157
Total,Segunda,2021-02-17,55861
Pfizer,Primera,2021-02-17,57627
Pfizer,Segunda,2021-02-17,55861
Sinovac,Primera,2021-02-17,2487530
Sinovac,Segunda,2021-02-17,0
CanSino,Primera,2021-02-17,0
CanSino,Segunda,2021-02-17,0
Astra-Zeneca,Primera,2021-02-17,0
Astra-Zeneca,Segunda,2021-02-17,0
Total,Primera,2021-02-18,2700438
Total,Segunda,2021-02-18,55862
Pfizer,Primera,2021-02-18,57629
Pfizer,Segunda,2021-02-18,55862
Sinovac,Primera,2021-02-18,2642809
Sinovac,Segunda,2021-02-18,0
CanSino,Primera,2021-02-18,0
CanSino,Segunda,2021-02-18,0
Astra-Zeneca,Primera,2021-02-18,0
Astra-Zeneca,Segunda,2021-02-18,0
Total,Primera,2021-02-19,2842576
Total,Segunda,2021-02-19,55862
Pfizer,Primera,2021-02-19,57629
Pfizer,Segunda,2021-02-19,55862
Sinovac,Primera,2021-02-19,2784947
Sinovac,Segunda,2021-02-19,0
CanSino,Primera,2021-02-19,0
CanSino,Segunda,2021-02-19,0
Astra-Zeneca,Primera,2021-02-19,0
Astra-Zeneca,Segunda,2021-02-19,0
Total,Primera,2021-02-20,2852217
Total,Segunda,2021-02-20,55862
Pfizer,Primera,2021-02-20,57631
Pfizer,Segunda,2021-02-20,55862
Sinovac,Primera,2021-02-20,2794586
Sinovac,Segunda,2021-02-20,0
CanSino,Primera,2021-02-20,0
CanSino,Segunda,2021-02-20,0
Astra-Zeneca,Primera,2021-02-20,0
Astra-Zeneca,Segunda,2021-02-20,0
Total,Primera,2021-02-21,2853379
Total,Segunda,2021-02-21,55862
Pfizer,Primera,2021-02-21,57631
Pfizer,Segunda,2021-02-21,55862
Sinovac,Primera,2021-02-21,2795748
Sinovac,Segunda,2021-02-21,0
CanSino,Primera,2021-02-21,0
CanSino,Segunda,2021-02-21,0
Astra-Zeneca,Primera,2021-02-21,0
Astra-Zeneca,Segunda,2021-02-21,0
Total,Primera,2021-02-22,2961492
Total,Segunda,2021-02-22,55884
Pfizer,Primera,2021-02-22,69702
Pfizer,Segunda,2021-02-22,55884
Sinovac,Primera,2021-02-22,2891790
Sinovac,Segunda,2021-02-22,0
CanSino,Primera,2021-02-22,0
CanSino,Segunda,2021-02-22,0
Astra-Zeneca,Primera,2021-02-22,0
Astra-Zeneca,Segunda,2021-02-22,0
Total,Primera,2021-02-23,3055700
Total,Segunda,2021-02-23,55924
Pfizer,Primera,2021-02-23,94505
Pfizer,Segunda,2021-02-23,55924
Sinovac,Primera,2021-02-23,2961195
Sinovac,Segunda,2021-02-23,0
CanSino,Primera,2021-02-23,0
CanSino,Segunda,2021-02-23,0
Astra-Zeneca,Primera,2021-02-23,0
Astra-Zeneca,Segunda,2021-02-23,0
Total,Primera,2021-02-24,3141803
Total,Segunda,2021-02-24,56098
Pfizer,Primera,2021-02-24,122849
Pfizer,Segunda,2021-02-24,56098
Sinovac,Primera,2021-02-24,3018954
Sinovac,Segunda,2021-02-24,0
CanSino,Primera,2021-02-24,0
CanSino,Segunda,2021-02-24,0
Astra-Zeneca,Primera,2021-02-24,0
Astra-Zeneca,Segunda,2021-02-24,0
Total,Primera,2021-02-25,3227745
Total,Segunda,2021-02-25,56243
Pfizer,Primera,2021-02-25,156423
Pfizer,Segunda,2021-02-25,56243
Sinovac,Primera,2021-02-25,3071322
Sinovac,Segunda,2021-02-25,0
CanSino,Primera,2021-02-25,0
CanSino,Segunda,2021-02-25,0
Astra-Zeneca,Primera,2021-02-25,0
Astra-Zeneca,Segunda,2021-02-25,0
Total,Primera,2021-02-26,3306028
Total,Segunda,2021-02-26,56361
Pfizer,Primera,2021-02-26,186038
Pfizer,Segunda,2021-02-26,56361
Sinovac,Primera,2021-02-26,3119990
Sinovac,Segunda,2021-02-26,0
CanSino,Primera,2021-02-26,0
CanSino,Segunda,2021-02-26,0
Astra-Zeneca,Primera,2021-02-26,0
Astra-Zeneca,Segunda,2021-02-26,0
Total,Primera,2021-02-27,3316072
Total,Segunda,2021-02-27,56365
Pfizer,Primera,2021-02-27,192360
Pfizer,Segunda,2021-02-27,56365
Sinovac,Primera,2021-02-27,3123712
Sinovac,Segunda,2021-02-27,0
CanSino,Primera,2021-02-27,0
CanSino,Segunda,2021-02-27,0
Astra-Zeneca,Primera,2021-02-27,0
Astra-Zeneca,Segunda,2021-02-27,0
Total,Primera,2021-02-28,3316427
Total,Segunda,2021-02-28,56365
Pfizer,Primera,2021-02-28,192362
Pfizer,Segunda,2021-02-28,56365
Sinovac,Primera,2021-02-28,3124065
Sinovac,Segunda,2021-02-28,0
CanSino,Primera,2021-02-28,0
CanSino,Segunda,2021-02-28,0
Astra-Zeneca,Primera,2021-02-28,0
Astra-Zeneca,Segunda,2021-02-28,0
Total,Primera,2021-03-01,3453594
Total,Segunda,2021-03-01,56774
Pfizer,Primera,2021-03-01,207247
Pfizer,Segunda,2021-03-01,56383
Sinovac,Primera,2021-03-01,3246347
Sinovac,Segunda,2021-03-01,391
CanSino,Primera,2021-03-01,0
CanSino,Segunda,2021-03-01,0
Astra-Zeneca,Primera,2021-03-01,0
Astra-Zeneca,Segunda,2021-03-01,0
Total,Primera,2021-03-02,3612558
Total,Segunda,2021-03-02,69194
Pfizer,Primera,2021-03-02,238091
Pfizer,Segunda,2021-03-02,56462
Sinovac,Primera,2021-03-02,3374467
Sinovac,Segunda,2021-03-02,12732
CanSino,Primera,2021-03-02,0
CanSino,Segunda,2021-03-02,0
Astra-Zeneca,Primera,2021-03-02,0
Astra-Zeneca,Segunda,2021-03-02,0
Total,Primera,2021-03-03,3770413
Total,Segunda,2021-03-03,223313
Pfizer,Primera,2021-03-03,256536
Pfizer,Segunda,2021-03-03,56585
Sinovac,Primera,2021-03-03,3513877
Sinovac,Segunda,2021-03-03,166728
CanSino,Primera,2021-03-03,0
CanSino,Segunda,2021-03-03,0
Astra-Zeneca,Primera,2021-03-03,0
Astra-Zeneca,Segunda,2021-03-03,0
Total,Primera,2021-03-04,3915160
Total,Segunda,2021-03-04,389192
Pfizer,Primera,2021-03-04,265542
Pfizer,Segunda,2021-03-04,56689
Sinovac,Primera,2021-03-04,3649618
Sinovac,Segunda,2021-03-04,332503
CanSino,Primera,2021-03-04,0
CanSino,Segunda,2021-03-04,0
Astra-Zeneca,Primera,2021-03-04,0
Astra-Zeneca,Segunda,2021-03-04,0
Total,Primera,2021-03-05,4051388
Total,Segunda,2021-03-05,550949
Pfizer,Primera,2021-03-05,271109
Pfizer,Segunda,2021-03-05,56881
Sinovac,Primera,2021-03-05,3780279
Sinovac,Segunda,2021-03-05,494068
CanSino,Primera,2021-03-05,0
CanSino,Segunda,2021-03-05,0
Astra-Zeneca,Primera,2021-03-05,0
Astra-Zeneca,Segunda,2021-03-05,0
Total,Primera,2021-03-06,4061033
Total,Segunda,2021-03-06,575095
Pfizer,Primera,2021-03-06,271453
Pfizer,Segunda,2021-03-06,56881
Sinovac,Primera,2021-03-06,3789580
Sinovac,Segunda,2021-03-06,518214
CanSino,Primera,2021-03-06,0
CanSino,Segunda,2021-03-06,0
Astra-Zeneca,Primera,2021-03-06,0
Astra-Zeneca,Segunda,2021-03-06,0
Total,Primera,2021-03-07,4062099
Total,Segunda,2021-03-07,581995
Pfizer,Primera,2021-03-07,271560
Pfizer,Segunda,2021-03-07,56881
Sinovac,Primera,2021-03-07,3790539
Sinovac,Segunda,2021-03-07,525114
CanSino,Primera,2021-03-07,0
CanSino,Segunda,2021-03-07,0
Astra-Zeneca,Primera,2021-03-07,0
Astra-Zeneca,Segunda,2021-03-07,0
Total,Primera,2021-03-08,4198720
Total,Segunda,2021-03-08,796119
Pfizer,Primera,2021-03-08,284123
Pfizer,Segunda,2021-03-08,56917
Sinovac,Primera,2021-03-08,3914597
Sinovac,Segunda,2021-03-08,739202
CanSino,Primera,2021-03-08,0
CanSino,Segunda,2021-03-08,0
Astra-Zeneca,Primera,2021-03-08,0
Astra-Zeneca,Segunda,2021-03-08,0
Total,Primera,2021-03-09,4337755
Total,Segunda,2021-03-09,1033716
Pfizer,Primera,2021-03-09,321677
Pfizer,Segunda,2021-03-09,56947
Sinovac,Primera,2021-03-09,4016078
Sinovac,Segunda,2021-03-09,976769
CanSino,Primera,2021-03-09,0
CanSino,Segunda,2021-03-09,0
Astra-Zeneca,Primera,2021-03-09,0
Astra-Zeneca,Segunda,2021-03-09,0
Total,Primera,2021-03-10,4473574
Total,Segunda,2021-03-10,1299338
Pfizer,Primera,2021-03-10,363268
Pfizer,Segunda,2021-03-10,56968
Sinovac,Primera,2021-03-10,4110306
Sinovac,Segunda,2021-03-10,1242370
CanSino,Primera,2021-03-10,0
CanSino,Segunda,2021-03-10,0
Astra-Zeneca,Primera,2021-03-10,0
Astra-Zeneca,Segunda,2021-03-10,0
Total,Primera,2021-03-11,4645013
Total,Segunda,2021-03-11,1545063
Pfizer,Primera,2021-03-11,408963
Pfizer,Segunda,2021-03-11,57013
Sinovac,Primera,2021-03-11,4236050
Sinovac,Segunda,2021-03-11,1488050
CanSino,Primera,2021-03-11,0
CanSino,Segunda,2021-03-11,0
Astra-Zeneca,Primera,2021-03-11,0
Astra-Zeneca,Segunda,2021-03-11,0
Total,Primera,2021-03-12,4796262
Total,Segunda,2021-03-12,1768300
Pfizer,Primera,2021-03-12,426344
Pfizer,Segunda,2021-03-12,57048
Sinovac,Primera,2021-03-12,4369918
Sinovac,Segunda,2021-03-12,1711252
CanSino,Primera,2021-03-12,0
CanSino,Segunda,2021-03-12,0
Astra-Zeneca,Primera,2021-03-12,0
Astra-Zeneca,Segunda,2021-03-12,0
Total,Primera,2021-03-13,4820552
Total,Segunda,2021-03-13,1794484
Pfizer,Primera,2021-03-13,426897
Pfizer,Segunda,2021-03-13,57048
Sinovac,Primera,2021-03-13,4393655
Sinovac,Segunda,2021-03-13,1737436
CanSino,Primera,2021-03-13,0
CanSino,Segunda,2021-03-13,0
Astra-Zeneca,Primera,2021-03-13,0
Astra-Zeneca,Segunda,2021-03-13,0
Total,Primera,2021-03-14,4823301
Total,Segunda,2021-03-14,1798324
Pfizer,Primera,2021-03-14,426897
Pfizer,Segunda,2021-03-14,57048
Sinovac,Primera,2021-03-14,4396404
Sinovac,Segunda,2021-03-14,1741276
CanSino,Primera,2021-03-14,0
CanSino,Segunda,2021-03-14,0
Astra-Zeneca,Primera,2021-03-14,0
Astra-Zeneca,Segunda,2021-03-14,0
Total,Primera,2021-03-15,4981174
Total,Segunda,2021-03-15,2070838
Pfizer,Primera,2021-03-15,441770
Pfizer,Segunda,2021-03-15,66099
Sinovac,Primera,2021-03-15,4539404
Sinovac,Segunda,2021-03-15,2004739
CanSino,Primera,2021-03-15,0
CanSino,Segunda,2021-03-15,0
Astra-Zeneca,Primera,2021-03-15,0
Astra-Zeneca,Segunda,2021-03-15,0
Total,Primera,2021-03-16,5147821
Total,Segunda,2021-03-16,2314537
Pfizer,Primera,2021-03-16,472734
Pfizer,Segunda,2021-03-16,88680
Sinovac,Primera,2021-03-16,4675087
Sinovac,Segunda,2021-03-16,2225857
CanSino,Primera,2021-03-16,0
CanSino,Segunda,2021-03-16,0
Astra-Zeneca,Primera,2021-03-16,0
Astra-Zeneca,Segunda,2021-03-16,0
Total,Primera,2021-03-17,5299131
Total,Segunda,2021-03-17,2530627
Pfizer,Primera,2021-03-17,502102
Pfizer,Segunda,2021-03-17,114860
Sinovac,Primera,2021-03-17,4797029
Sinovac,Segunda,2021-03-17,2415767
CanSino,Primera,2021-03-17,0
CanSino,Segunda,2021-03-17,0
Astra-Zeneca,Primera,2021-03-17,0
Astra-Zeneca,Segunda,2021-03-17,0
Total,Primera,2021-03-18,5447979
Total,Segunda,2021-03-18,2716827
Pfizer,Primera,2021-03-18,521398
Pfizer,Segunda,2021-03-18,145171
Sinovac,Primera,2021-03-18,4926581
Sinovac,Segunda,2021-03-18,2571656
CanSino,Primera,2021-03-18,0
CanSino,Segunda,2021-03-18,0
Astra-Zeneca,Primera,2021-03-18,0
Astra-Zeneca,Segunda,2021-03-18,0
Total,Primera,2021-03-19,5587869
Total,Segunda,2021-03-19,2871629
Pfizer,Primera,2021-03-19,530334
Pfizer,Segunda,2021-03-19,159409
Sinovac,Primera,2021-03-19,5057535
Sinovac,Segunda,2021-03-19,2712220
CanSino,Primera,2021-03-19,0
CanSino,Segunda,2021-03-19,0
Astra-Zeneca,Primera,2021-03-19,0
Astra-Zeneca,Segunda,2021-03-19,0
Total,Primera,2021-03-20,5611059
Total,Segunda,2021-03-20,2882647
Pfizer,Primera,2021-03-20,530812
Pfizer,Segunda,2021-03-20,160851
Sinovac,Primera,2021-03-20,5080247
Sinovac,Segunda,2021-03-20,2721796
CanSino,Primera,2021-03-20,0
CanSino,Segunda,2021-03-20,0
Astra-Zeneca,Primera,2021-03-20,0
Astra-Zeneca,Segunda,2021-03-20,0
Total,Primera,2021-03-21,5613912
Total,Segunda,2021-03-21,2883819
Pfizer,Primera,2021-03-21,530821
Pfizer,Segunda,2021-03-21,160852
Sinovac,Primera,2021-03-21,5083091
Sinovac,Segunda,2021-03-21,2722967
CanSino,Primera,2021-03-21,0
CanSino,Segunda,2021-03-21,0
Astra-Zeneca,Primera,2021-03-21,0
Astra-Zeneca,Segunda,2021-03-21,0
Total,Primera,2021-03-22,5760681
Total,Segunda,2021-03-22,3005853
Pfizer,Primera,2021-03-22,545789
Pfizer,Segunda,2021-03-22,181979
Sinovac,Primera,2021-03-22,5214892
Sinovac,Segunda,2021-03-22,2823874
CanSino,Primera,2021-03-22,0
CanSino,Segunda,2021-03-22,0
Astra-Zeneca,Primera,2021-03-22,0
Astra-Zeneca,Segunda,2021-03-22,0
Total,Primera,2021-03-23,5910982
Total,Segunda,2021-03-23,3096499
Pfizer,Primera,2021-03-23,588593
Pfizer,Segunda,2021-03-23,199114
Sinovac,Primera,2021-03-23,5322389
Sinovac,Segunda,2021-03-23,2897385
CanSino,Primera,2021-03-23,0
CanSino,Segunda,2021-03-23,0
Astra-Zeneca,Primera,2021-03-23,0
Astra-Zeneca,Segunda,2021-03-23,0
Total,Primera,2021-03-24,6065282
Total,Segunda,2021-03-24,3161332
Pfizer,Primera,2021-03-24,636568
Pfizer,Segunda,2021-03-24,204046
Sinovac,Primera,2021-03-24,5428714
Sinovac,Segunda,2021-03-24,2957286
CanSino,Primera,2021-03-24,0
CanSino,Segunda,2021-03-24,0
Astra-Zeneca,Primera,2021-03-24,0
Astra-Zeneca,Segunda,2021-03-24,0
Total,Primera,2021-03-25,6222760
Total,Segunda,2021-03-25,3216591
Pfizer,Primera,2021-03-25,688834
Pfizer,Segunda,2021-03-25,206380
Sinovac,Primera,2021-03-25,5533926
Sinovac,Segunda,2021-03-25,3010211
CanSino,Primera,2021-03-25,0
CanSino,Segunda,2021-03-25,0
Astra-Zeneca,Primera,2021-03-25,0
Astra-Zeneca,Segunda,2021-03-25,0
Total,Primera,2021-03-26,6389372
Total,Segunda,2021-03-26,3267732
Pfizer,Primera,2021-03-26,725360
Pfizer,Segunda,2021-03-26,208295
Sinovac,Primera,2021-03-26,5664012
Sinovac,Segunda,2021-03-26,3059437
CanSino,Primera,2021-03-26,0
CanSino,Segunda,2021-03-26,0
Astra-Zeneca,Primera,2021-03-26,0
Astra-Zeneca,Segunda,2021-03-26,0
Total,Primera,2021-03-27,6402318
Total,Segunda,2021-03-27,3270480
Pfizer,Primera,2021-03-27,727362
Pfizer,Segunda,2021-03-27,208327
Sinovac,Primera,2021-03-27,5674956
Sinovac,Segunda,2021-03-27,3062153
CanSino,Primera,2021-03-27,0
CanSino,Segunda,2021-03-27,0
Astra-Zeneca,Primera,2021-03-27,0
Astra-Zeneca,Segunda,2021-03-27,0
Total,Primera,2021-03-28,6403287
Total,Segunda,2021-03-28,3270904
Pfizer,Primera,2021-03-28,727362
Pfizer,Segunda,2021-03-28,208327
Sinovac,Primera,2021-03-28,5675925
Sinovac,Segunda,2021-03-28,3062577
CanSino,Primera,2021-03-28,0
CanSino,Segunda,2021-03-28,0
Astra-Zeneca,Primera,2021-03-28,0
Astra-Zeneca,Segunda,2021-03-28,0
Total,Primera,2021-03-29,6554545
Total,Segunda,2021-03-29,3386466
Pfizer,Primera,2021-03-29,746521
Pfizer,Segunda,2021-03-29,211221
Sinovac,Primera,2021-03-29,5808024
Sinovac,Segunda,2021-03-29,3175245
CanSino,Primera,2021-03-29,0
CanSino,Segunda,2021-03-29,0
Astra-Zeneca,Primera,2021-03-29,0
Astra-Zeneca,Segunda,2021-03-29,0
Total,Primera,2021-03-30,6688536
Total,Segunda,2021-03-30,3531212
Pfizer,Primera,2021-03-30,783611
Pfizer,Segunda,2021-03-30,231633
Sinovac,Primera,2021-03-30,5904925
Sinovac,Segunda,2021-03-30,3299579
CanSino,Primera,2021-03-30,0
CanSino,Segunda,2021-03-30,0
Astra-Zeneca,Primera,2021-03-30,0
Astra-Zeneca,Segunda,2021-03-30,0
Total,Primera,2021-03-31,6815639
Total,Segunda,2021-03-31,3684503
Pfizer,Primera,2021-03-31,812785
Pfizer,Segunda,2021-03-31,248643
Sinovac,Primera,2021-03-31,6002854
Sinovac,Segunda,2021-03-31,3435860
CanSino,Primera,2021-03-31,0
CanSino,Segunda,2021-03-31,0
Astra-Zeneca,Primera,2021-03-31,0
Astra-Zeneca,Segunda,2021-03-31,0
Total,Primera,2021-04-01,6950439
Total,Segunda,2021-04-01,3853113
Pfizer,Primera,2021-04-01,828042
Pfizer,Segunda,2021-04-01,257176
Sinovac,Primera,2021-04-01,6122397
Sinovac,Segunda,2021-04-01,3595937
CanSino,Primera,2021-04-01,0
CanSino,Segunda,2021-04-01,0
Astra-Zeneca,Primera,2021-04-01,0
Astra-Zeneca,Segunda,2021-04-01,0
Total,Primera,2021-04-02,6952297
Total,Segunda,2021-04-02,3858298
Pfizer,Primera,2021-04-02,828217
Pfizer,Segunda,2021-04-02,257227
Sinovac,Primera,2021-04-02,6124080
Sinovac,Segunda,2021-04-02,3601071
CanSino,Primera,2021-04-02,0
CanSino,Segunda,2021-04-02,0
Astra-Zeneca,Primera,2021-04-02,0
Astra-Zeneca,Segunda,2021-04-02,0
Total,Primera,2021-04-03,6954178
Total,Segunda,2021-04-03,3859646
Pfizer,Primera,2021-04-03,828406
Pfizer,Segunda,2021-04-03,257231
Sinovac,Primera,2021-04-03,6125772
Sinovac,Segunda,2021-04-03,3602415
CanSino,Primera,2021-04-03,0
CanSino,Segunda,2021-04-03,0
Astra-Zeneca,Primera,2021-04-03,0
Astra-Zeneca,Segunda,2021-04-03,0
Total,Primera,2021-04-04,6954836
Total,Segunda,2021-04-04,3860113
Pfizer,Primera,2021-04-04,828409
Pfizer,Segunda,2021-04-04,257232
Sinovac,Primera,2021-04-04,6126427
Sinovac,Segunda,2021-04-04,3602881
CanSino,Primera,2021-04-04,0
CanSino,Segunda,2021-04-04,0
Astra-Zeneca,Primera,2021-04-04,0
Astra-Zeneca,Segunda,2021-04-04,0
Total,Primera,2021-04-05,7034788
Total,Segunda,2021-04-05,4065072
Pfizer,Primera,2021-04-05,844412
Pfizer,Segunda,2021-04-05,272390
Sinovac,Primera,2021-04-05,6190376
Sinovac,Segunda,2021-04-05,3792682
CanSino,Primera,2021-04-05,0
CanSino,Segunda,2021-04-05,0
Astra-Zeneca,Primera,2021-04-05,0
Astra-Zeneca,Segunda,2021-04-05,0
Total,Primera,2021-04-06,7127958
Total,Segunda,2021-04-06,4211799
Pfizer,Primera,2021-04-06,891211
Pfizer,Segunda,2021-04-06,308408
Sinovac,Primera,2021-04-06,6236747
Sinovac,Segunda,2021-04-06,3903391
CanSino,Primera,2021-04-06,0
CanSino,Segunda,2021-04-06,0
Astra-Zeneca,Primera,2021-04-06,0
Astra-Zeneca,Segunda,2021-04-06,0
Total,Primera,2021-04-07,7222856
Total,Segunda,2021-04-07,4350251
Pfizer,Primera,2021-04-07,941644
Pfizer,Segunda,2021-04-07,347274
Sinovac,Primera,2021-04-07,6281212
Sinovac,Segunda,2021-04-07,4002977
CanSino,Primera,2021-04-07,0
CanSino,Segunda,2021-04-07,0
Astra-Zeneca,Primera,2021-04-07,0
Astra-Zeneca,Segunda,2021-04-07,0
Total,Primera,2021-04-08,7299616
Total,Segunda,2021-04-08,4513106
Pfizer,Primera,2021-04-08,980184
Pfizer,Segunda,2021-04-08,387026
Sinovac,Primera,2021-04-08,6319432
Sinovac,Segunda,2021-04-08,4126080
CanSino,Primera,2021-04-08,0
CanSino,Segunda,2021-04-08,0
Astra-Zeneca,Primera,2021-04-08,0
Astra-Zeneca,Segunda,2021-04-08,0
Total,Primera,2021-04-09,7370500
Total,Segunda,2021-04-09,4661233
Pfizer,Primera,2021-04-09,1014212
Pfizer,Segunda,2021-04-09,402257
Sinovac,Primera,2021-04-09,6356288
Sinovac,Segunda,2021-04-09,4258976
CanSino,Primera,2021-04-09,0
CanSino,Segunda,2021-04-09,0
Astra-Zeneca,Primera,2021-04-09,0
Astra-Zeneca,Segunda,2021-04-09,0
Total,Primera,2021-04-10,7381692
Total,Segunda,2021-04-10,4676074
Pfizer,Primera,2021-04-10,1021166
Pfizer,Segunda,2021-04-10,403133
Sinovac,Primera,2021-04-10,6360526
Sinovac,Segunda,2021-04-10,4272941
CanSino,Primera,2021-04-10,0
CanSino,Segunda,2021-04-10,0
Astra-Zeneca,Primera,2021-04-10,0
Astra-Zeneca,Segunda,2021-04-10,0
Total,Primera,2021-04-11,7382790
Total,Segunda,2021-04-11,4677430
Pfizer,Primera,2021-04-11,1021651
Pfizer,Segunda,2021-04-11,403154
Sinovac,Primera,2021-04-11,6361139
Sinovac,Segunda,2021-04-11,4274276
CanSino,Primera,2021-04-11,0
CanSino,Segunda,2021-04-11,0
Astra-Zeneca,Primera,2021-04-11,0
Astra-Zeneca,Segunda,2021-04-11,0
Total,Primera,2021-04-12,7460917
Total,Segunda,2021-04-12,4836404
Pfizer,Primera,2021-04-12,1069513
Pfizer,Segunda,2021-04-12,420096
Sinovac,Primera,2021-04-12,6391404
Sinovac,Segunda,2021-04-12,4416308
CanSino,Primera,2021-04-12,0
CanSino,Segunda,2021-04-12,0
Astra-Zeneca,Primera,2021-04-12,0
Astra-Zeneca,Segunda,2021-04-12,0
Total,Primera,2021-04-13,7535943
Total,Segunda,2021-04-13,4996776
Pfizer,Primera,2021-04-13,1126731
Pfizer,Segunda,2021-04-13,451122
Sinovac,Primera,2021-04-13,6409212
Sinovac,Segunda,2021-04-13,4545654
CanSino,Primera,2021-04-13,0
CanSino,Segunda,2021-04-13,0
Astra-Zeneca,Primera,2021-04-13,0
Astra-Zeneca,Segunda,2021-04-13,0
Total,Primera,2021-04-14,7615298
Total,Segunda,2021-04-14,5146998
Pfizer,Primera,2021-04-14,1188383
Pfizer,Segunda,2021-04-14,479013
Sinovac,Primera,2021-04-14,6426915
Sinovac,Segunda,2021-04-14,4667985
CanSino,Primera,2021-04-14,0
CanSino,Segunda,2021-04-14,0
Astra-Zeneca,Primera,2021-04-14,0
Astra-Zeneca,Segunda,2021-04-14,0
Total,Primera,2021-04-15,7677598
Total,Segunda,2021-04-15,5291949
Pfizer,Primera,2021-04-15,1236071
Pfizer,Segunda,2021-04-15,499360
Sinovac,Primera,2021-04-15,6441527
Sinovac,Segunda,2021-04-15,4792589
CanSino,Primera,2021-04-15,0
CanSino,Segunda,2021-04-15,0
Astra-Zeneca,Primera,2021-04-15,0
Astra-Zeneca,Segunda,2021-04-15,0
Total,Primera,2021-04-16,7736002
Total,Segunda,2021-04-16,5427857
Pfizer,Primera,2021-04-16,1275557
Pfizer,Segunda,2021-04-16,510634
Sinovac,Primera,2021-04-16,6460445
Sinovac,Segunda,2021-04-16,4917223
CanSino,Primera,2021-04-16,0
CanSino,Segunda,2021-04-16,0
Astra-Zeneca,Primera,2021-04-16,0
Astra-Zeneca,Segunda,2021-04-16,0
Total,Primera,2021-04-17,7743908
Total,Segunda,2021-04-17,5442249
Pfizer,Primera,2021-04-17,1280953
Pfizer,Segunda,2021-04-17,511169
Sinovac,Primera,2021-04-17,6462955
Sinovac,Segunda,2021-04-17,4931080
CanSino,Primera,2021-04-17,0
CanSino,Segunda,2021-04-17,0
Astra-Zeneca,Primera,2021-04-17,0
Astra-Zeneca,Segunda,2021-04-17,0
Total,Primera,2021-04-18,7744784
Total,Segunda,2021-04-18,5444014
Pfizer,Primera,2021-04-18,1281604
Pfizer,Segunda,2021-04-18,511197
Sinovac,Primera,2021-04-18,6463180
Sinovac,Segunda,2021-04-18,4932817
CanSino,Primera,2021-04-18,0
CanSino,Segunda,2021-04-18,0
Astra-Zeneca,Primera,2021-04-18,0
Astra-Zeneca,Segunda,2021-04-18,0
Total,Primera,2021-04-19,7788700
Total,Segunda,2021-04-19,5595230
Pfizer,Primera,2021-04-19,1290109
Pfizer,Segunda,2021-04-19,526761
Sinovac,Primera,2021-04-19,6498591
Sinovac,Segunda,2021-04-19,5068469
CanSino,Primera,2021-04-19,0
CanSino,Segunda,2021-04-19,0
Astra-Zeneca,Primera,2021-04-19,0
Astra-Zeneca,Segunda,2021-04-19,0
Total,Primera,2021-04-20,7827930
Total,Segunda,2021-04-20,5745406
Pfizer,Primera,2021-04-20,1296270
Pfizer,Segunda,2021-04-20,565089
Sinovac,Primera,2021-04-20,6531660
Sinovac,Segunda,2021-04-20,5180317
CanSino,Primera,2021-04-20,0
CanSino,Segunda,2021-04-20,0
Astra-Zeneca,Primera,2021-04-20,0
Astra-Zeneca,Segunda,2021-04-20,0
Total,Primera,2021-04-21,7859078
Total,Segunda,2021-04-21,5891900
Pfizer,Primera,2021-04-21,1300774
Pfizer,Segunda,2021-04-21,606662
Sinovac,Primera,2021-04-21,6558304
Sinovac,Segunda,2021-04-21,5285238
CanSino,Primera,2021-04-21,0
CanSino,Segunda,2021-04-21,0
Astra-Zeneca,Primera,2021-04-21,0
Astra-Zeneca,Segunda,2021-04-21,0
Total,Primera,2021-04-22,7915450
Total,Segunda,2021-04-22,6036299
Pfizer,Primera,2021-04-22,1306976
Pfizer,Segunda,2021-04-22,647587
Sinovac,Primera,2021-04-22,6608474
Sinovac,Segunda,2021-04-22,5388712
CanSino,Primera,2021-04-22,0
CanSino,Segunda,2021-04-22,0
Astra-Zeneca,Primera,2021-04-22,0
Astra-Zeneca,Segunda,2021-04-22,0
Total,Primera,2021-04-23,7955297
Total,Segunda,2021-04-23,6180144
Pfizer,Primera,2021-04-23,1310404
Pfizer,Segunda,2021-04-23,673148
Sinovac,Primera,2021-04-23,6644893
Sinovac,Segunda,2021-04-23,5506996
CanSino,Primera,2021-04-23,0
CanSino,Segunda,2021-04-23,0
Astra-Zeneca,Primera,2021-04-23,0
Astra-Zeneca,Segunda,2021-04-23,0
Total,Primera,2021-04-24,7961047
Total,Segunda,2021-04-24,6192082
Pfizer,Primera,2021-04-24,1311527
Pfizer,Segunda,2021-04-24,674422
Sinovac,Primera,2021-04-24,6649520
Sinovac,Segunda,2021-04-24,5517660
CanSino,Primera,2021-04-24,0
CanSino,Segunda,2021-04-24,0
Astra-Zeneca,Primera,2021-04-24,0
Astra-Zeneca,Segunda,2021-04-24,0
Total,Primera,2021-04-25,7961398
Total,Segunda,2021-04-25,6192774
Pfizer,Primera,2021-04-25,1311528
Pfizer,Segunda,2021-04-25,674422
Sinovac,Primera,2021-04-25,6649870
Sinovac,Segunda,2021-04-25,5518352
CanSino,Primera,2021-04-25,0
CanSino,Segunda,2021-04-25,0
Astra-Zeneca,Primera,2021-04-25,0
Astra-Zeneca,Segunda,2021-04-25,0
Total,Primera,2021-04-26,8004469
Total,Segunda,2021-04-26,6346455
Pfizer,Primera,2021-04-26,1329469
Pfizer,Segunda,2021-04-26,701859
Sinovac,Primera,2021-04-26,6675000
Sinovac,Segunda,2021-04-26,5644596
CanSino,Primera,2021-04-26,0
CanSino,Segunda,2021-04-26,0
Astra-Zeneca,Primera,2021-04-26,0
Astra-Zeneca,Segunda,2021-04-26,0
Total,Primera,2021-04-27,8043492
Total,Segunda,2021-04-27,6479009
Pfizer,Primera,2021-04-27,1354410
Pfizer,Segunda,2021-04-27,740804
Sinovac,Primera,2021-04-27,6689082
Sinovac,Segunda,2021-04-27,5738205
CanSino,Primera,2021-04-27,0
CanSino,Segunda,2021-04-27,0
Astra-Zeneca,Primera,2021-04-27,0
Astra-Zeneca,Segunda,2021-04-27,0
Total,Primera,2021-04-28,8086991
Total,Segunda,2021-04-28,6604683
Pfizer,Primera,2021-04-28,1380136
Pfizer,Segunda,2021-04-28,769967
Sinovac,Primera,2021-04-28,6703248
Sinovac,Segunda,2021-04-28,5834716
CanSino,Primera,2021-04-28,0
CanSino,Segunda,2021-04-28,0
Astra-Zeneca,Primera,2021-04-28,3607
Astra-Zeneca,Segunda,2021-04-28,0
Total,Primera,2021-04-29,8117860
Total,Segunda,2021-04-29,6729254
Pfizer,Primera,2021-04-29,1394967
Pfizer,Segunda,2021-04-29,787707
Sinovac,Primera,2021-04-29,6712742
Sinovac,Segunda,2021-04-29,5941547
CanSino,Primera,2021-04-29,0
CanSino,Segunda,2021-04-29,0
Astra-Zeneca,Primera,2021-04-29,10151
Astra-Zeneca,Segunda,2021-04-29,0
Total,Primera,2021-04-30,8168805
Total,Segunda,2021-04-30,6766196
Pfizer,Primera,2021-04-30,1419669
Pfizer,Segunda,2021-04-30,794058
Sinovac,Primera,2021-04-30,6725257
Sinovac,Segunda,2021-04-30,5972138
CanSino,Primera,2021-04-30,0
CanSino,Segunda,2021-04-30,0
Astra-Zeneca,Primera,2021-04-30,23879
Astra-Zeneca,Segunda,2021-04-30,0
Total,Primera,2021-05-01,8169896
Total,Segunda,2021-05-01,6767406
Pfizer,Primera,2021-05-01,1420309
Pfizer,Segunda,2021-05-01,794595
Sinovac,Primera,2021-05-01,6725422
Sinovac,Segunda,2021-05-01,5972811
CanSino,Primera,2021-05-01,0
CanSino,Segunda,2021-05-01,0
Astra-Zeneca,Primera,2021-05-01,24165
Astra-Zeneca,Segunda,2021-05-01,0
Total,Primera,2021-05-02,8170695
Total,Segunda,2021-05-02,6768073
Pfizer,Primera,2021-05-02,1420642
Pfizer,Segunda,2021-05-02,794654
Sinovac,Primera,2021-05-02,6725706
Sinovac,Segunda,2021-05-02,5973419
CanSino,Primera,2021-05-02,0
CanSino,Segunda,2021-05-02,0
Astra-Zeneca,Primera,2021-05-02,24347
Astra-Zeneca,Segunda,2021-05-02,0
Total,Primera,2021-05-03,8246709
Total,Segunda,2021-05-03,6843982
Pfizer,Primera,2021-05-03,1429425
Pfizer,Segunda,2021-05-03,809789
Sinovac,Primera,2021-05-03,6772839
Sinovac,Segunda,2021-05-03,6034193
CanSino,Primera,2021-05-03,0
CanSino,Segunda,2021-05-03,0
Astra-Zeneca,Primera,2021-05-03,44445
Astra-Zeneca,Segunda,2021-05-03,0
Total,Primera,2021-05-04,8327775
Total,Segunda,2021-05-04,6932654
Pfizer,Primera,2021-05-04,1437692
Pfizer,Segunda,2021-05-04,847699
Sinovac,Primera,2021-05-04,6828864
Sinovac,Segunda,2021-05-04,6084955
CanSino,Primera,2021-05-04,0
CanSino,Segunda,2021-05-04,0
Astra-Zeneca,Primera,2021-05-04,61219
Astra-Zeneca,Segunda,2021-05-04,0
Total,Primera,2021-05-05,8409282
Total,Segunda,2021-05-05,7026369
Pfizer,Primera,2021-05-05,1443495
Pfizer,Segunda,2021-05-05,890496
Sinovac,Primera,2021-05-05,6894741
Sinovac,Segunda,2021-05-05,6135873
CanSino,Primera,2021-05-05,0
CanSino,Segunda,2021-05-05,0
Astra-Zeneca,Primera,2021-05-05,71046
Astra-Zeneca,Segunda,2021-05-05,0
Total,Primera,2021-05-06,8490878
Total,Segunda,2021-05-06,7103085
Pfizer,Primera,2021-05-06,1449162
Pfizer,Segunda,2021-05-06,925731
Sinovac,Primera,2021-05-06,6963454
Sinovac,Segunda,2021-05-06,6177354
CanSino,Primera,2021-05-06,0
CanSino,Segunda,2021-05-06,0
Astra-Zeneca,Primera,2021-05-06,78262
Astra-Zeneca,Segunda,2021-05-06,0
Total,Primera,2021-05-07,8574970
Total,Segunda,2021-05-07,7166996
Pfizer,Primera,2021-05-07,1456444
Pfizer,Segunda,2021-05-07,952462
Sinovac,Primera,2021-05-07,7036117
Sinovac,Segunda,2021-05-07,6214534
CanSino,Primera,2021-05-07,0
CanSino,Segunda,2021-05-07,0
Astra-Zeneca,Primera,2021-05-07,82409
Astra-Zeneca,Segunda,2021-05-07,0
Total,Primera,2021-05-08,8592356
Total,Segunda,2021-05-08,7175208
Pfizer,Primera,2021-05-08,1458669
Pfizer,Segunda,2021-05-08,955977
Sinovac,Primera,2021-05-08,7050608
Sinovac,Segunda,2021-05-08,6219231
CanSino,Primera,2021-05-08,0
CanSino,Segunda,2021-05-08,0
Astra-Zeneca,Primera,2021-05-08,83079
Astra-Zeneca,Segunda,2021-05-08,0
Total,Primera,2021-05-09,8593316
Total,Segunda,2021-05-09,7175654
Pfizer,Primera,2021-05-09,1458686
Pfizer,Segunda,2021-05-09,956025
Sinovac,Primera,2021-05-09,7051481
Sinovac,Segunda,2021-05-09,6219629
CanSino,Primera,2021-05-09,0
CanSino,Segunda,2021-05-09,0
Astra-Zeneca,Primera,2021-05-09,83149
Astra-Zeneca,Segunda,2021-05-09,0
Total,Primera,2021-05-10,8696625
Total,Segunda,2021-05-10,7246107
Pfizer,Primera,2021-05-10,1462354
Pfizer,Segunda,2021-05-10,991878
Sinovac,Primera,2021-05-10,7148167
Sinovac,Segunda,2021-05-10,6254229
CanSino,Primera,2021-05-10,0
CanSino,Segunda,2021-05-10,0
Astra-Zeneca,Primera,2021-05-10,86104
Astra-Zeneca,Segunda,2021-05-10,0
Total,Primera,2021-05-11,8804045
Total,Segunda,2021-05-11,7331485
Pfizer,Primera,2021-05-11,1466760
Pfizer,Segunda,2021-05-11,1053655
Sinovac,Primera,2021-05-11,7249200
Sinovac,Segunda,2021-05-11,6277830
CanSino,Primera,2021-05-11,0
CanSino,Segunda,2021-05-11,0
Astra-Zeneca,Primera,2021-05-11,88085
Astra-Zeneca,Segunda,2021-05-11,0
Total,Primera,2021-05-12,8908895
Total,Segunda,2021-05-12,7410026
Pfizer,Primera,2021-05-12,1469738
Pfizer,Segunda,2021-05-12,1110181
Sinovac,Primera,2021-05-12,7349404
Sinovac,Segunda,2021-05-12,6299845
CanSino,Primera,2021-05-12,0
CanSino,Segunda,2021-05-12,0
Astra-Zeneca,Primera,2021-05-12,89753
Astra-Zeneca,Segunda,2021-05-12,0
Total,Primera,2021-05-13,9005915
Total,Segunda,2021-05-13,7470728
Pfizer,Primera,2021-05-13,1474979
Pfizer,Segunda,2021-05-13,1152884
Sinovac,Primera,2021-05-13,7440631
Sinovac,Segunda,2021-05-13,6317844
CanSino,Primera,2021-05-13,0
CanSino,Segunda,2021-05-13,0
Astra-Zeneca,Primera,2021-05-13,90305
Astra-Zeneca,Segunda,2021-05-13,0
Total,Primera,2021-05-14,9109160
Total,Segunda,2021-05-14,7526996
Pfizer,Primera,2021-05-14,1483827
Pfizer,Segunda,2021-05-14,1188981
Sinovac,Primera,2021-05-14,7534785
Sinovac,Segunda,2021-05-14,6338015
CanSino,Primera,2021-05-14,0
CanSino,Segunda,2021-05-14,0
Astra-Zeneca,Primera,2021-05-14,90548
Astra-Zeneca,Segunda,2021-05-14,0
Total,Primera,2021-05-15,9110211
Total,Segunda,2021-05-15,7527403
Pfizer,Primera,2021-05-15,1483954
Pfizer,Segunda,2021-05-15,1189148
Sinovac,Primera,2021-05-15,7535669
Sinovac,Segunda,2021-05-15,6338255
CanSino,Primera,2021-05-15,0
CanSino,Segunda,2021-05-15,0
Astra-Zeneca,Primera,2021-05-15,90588
Astra-Zeneca,Segunda,2021-05-15,0
Total,Primera,2021-05-16,9110476
Total,Segunda,2021-05-16,7527574
Pfizer,Primera,2021-05-16,1483954
Pfizer,Segunda,2021-05-16,1189228
Sinovac,Primera,2021-05-16,7535934
Sinovac,Segunda,2021-05-16,6338346
CanSino,Primera,2021-05-16,0
CanSino,Segunda,2021-05-16,0
Astra-Zeneca,Primera,2021-05-16,90588
Astra-Zeneca,Segunda,2021-05-16,0
Total,Primera,2021-05-17,9235063
Total,Segunda,2021-05-17,7574685
Pfizer,Primera,2021-05-17,1519925
Pfizer,Segunda,2021-05-17,1206660
Sinovac,Primera,2021-05-17,7624255
Sinovac,Segunda,2021-05-17,6368025
CanSino,Primera,2021-05-17,0
CanSino,Segunda,2021-05-17,0
Astra-Zeneca,Primera,2021-05-17,90883
Astra-Zeneca,Segunda,2021-05-17,0
Total,Primera,2021-05-18,9371161
Total,Segunda,2021-05-18,7622414
Pfizer,Primera,2021-05-18,1582239
Pfizer,Segunda,2021-05-18,1223029
Sinovac,Primera,2021-05-18,7696609
Sinovac,Segunda,2021-05-18,6399385
CanSino,Primera,2021-05-18,0
CanSino,Segunda,2021-05-18,0
Astra-Zeneca,Primera,2021-05-18,92313
Astra-Zeneca,Segunda,2021-05-18,0
Total,Primera,2021-05-19,9496904
Total,Segunda,2021-05-19,7663709
Pfizer,Primera,2021-05-19,1650552
Pfizer,Segunda,2021-05-19,1234295
Sinovac,Primera,2021-05-19,7747521
Sinovac,Segunda,2021-05-19,6429414
CanSino,Primera,2021-05-19,0
CanSino,Segunda,2021-05-19,0
Astra-Zeneca,Primera,2021-05-19,98831
Astra-Zeneca,Segunda,2021-05-19,0
Total,Primera,2021-05-20,9625404
Total,Segunda,2021-05-20,7727089
Pfizer,Primera,2021-05-20,1712256
Pfizer,Segunda,2021-05-20,1243598
Sinovac,Primera,2021-05-20,7807599
Sinovac,Segunda,2021-05-20,6483491
CanSino,Primera,2021-05-20,0
CanSino,Segunda,2021-05-20,0
Astra-Zeneca,Primera,2021-05-20,105549
Astra-Zeneca,Segunda,2021-05-20,0
Total,Primera,2021-05-21,9633706
Total,Segunda,2021-05-21,7728454
Pfizer,Primera,2021-05-21,1718978
Pfizer,Segunda,2021-05-21,1243929
Sinovac,Primera,2021-05-21,7809108
Sinovac,Segunda,2021-05-21,6484525
CanSino,Primera,2021-05-21,0
CanSino,Segunda,2021-05-21,0
Astra-Zeneca,Primera,2021-05-21,105620
Astra-Zeneca,Segunda,2021-05-21,0
Total,Primera,2021-05-22,9660542
Total,Segunda,2021-05-22,7734740
Pfizer,Primera,2021-05-22,1730288
Pfizer,Segunda,2021-05-22,1245228
Sinovac,Primera,2021-05-22,7824141
Sinovac,Segunda,2021-05-22,6489512
CanSino,Primera,2021-05-22,0
CanSino,Segunda,2021-05-22,0
Astra-Zeneca,Primera,2021-05-22,106113
Astra-Zeneca,Segunda,2021-05-22,0
Total,Primera,2021-05-23,9664238
Total,Segunda,2021-05-23,7735329
Pfizer,Primera,2021-05-23,1731361
Pfizer,Segunda,2021-05-23,1245285
Sinovac,Primera,2021-05-23,7826744
Sinovac,Segunda,2021-05-23,6490044
CanSino,Primera,2021-05-23,0
CanSino,Segunda,2021-05-23,0
Astra-Zeneca,Primera,2021-05-23,106133
Astra-Zeneca,Segunda,2021-05-23,0
Total,Primera,2021-05-24,9840098
Total,Segunda,2021-05-24,7796485
Pfizer,Primera,2021-05-24,1788656
Pfizer,Segunda,2021-05-24,1262273
Sinovac,Primera,2021-05-24,7932907
Sinovac,Segunda,2021-05-24,6534205
CanSino,Primera,2021-05-24,0
CanSino,Segunda,2021-05-24,0
Astra-Zeneca,Primera,2021-05-24,118535
Astra-Zeneca,Segunda,2021-05-24,7
Total,Primera,2021-05-25,10029974
Total,Segunda,2021-05-25,7853435
Pfizer,Primera,2021-05-25,1870563
Pfizer,Segunda,2021-05-25,1291875
Sinovac,Primera,2021-05-25,8023320
Sinovac,Segunda,2021-05-25,6561532
CanSino,Primera,2021-05-25,0
CanSino,Segunda,2021-05-25,0
Astra-Zeneca,Primera,2021-05-25,136091
Astra-Zeneca,Segunda,2021-05-25,28
Total,Primera,2021-05-26,10210646
Total,Segunda,2021-05-26,7901833
Pfizer,Primera,2021-05-26,1919725
Pfizer,Segunda,2021-05-26,1316928
Sinovac,Primera,2021-05-26,8129653
Sinovac,Segunda,2021-05-26,6584662
CanSino,Primera,2021-05-26,0
CanSino,Segunda,2021-05-26,0
Astra-Zeneca,Primera,2021-05-26,161268
Astra-Zeneca,Segunda,2021-05-26,243
Total,Primera,2021-05-27,10377591
Total,Segunda,2021-05-27,7938141
Pfizer,Primera,2021-05-27,1958012
Pfizer,Segunda,2021-05-27,1335392
Sinovac,Primera,2021-05-27,8225223
Sinovac,Segunda,2021-05-27,6601657
CanSino,Primera,2021-05-27,0
CanSino,Segunda,2021-05-27,0
Astra-Zeneca,Primera,2021-05-27,194356
Astra-Zeneca,Segunda,2021-05-27,1092
Total,Primera,2021-05-28,10523046
Total,Segunda,2021-05-28,7979054
Pfizer,Primera,2021-05-28,1984430
Pfizer,Segunda,2021-05-28,1357040
Sinovac,Primera,2021-05-28,8313943
Sinovac,Segunda,2021-05-28,6619136
CanSino,Primera,2021-05-28,0
CanSino,Segunda,2021-05-28,0
Astra-Zeneca,Primera,2021-05-28,224673
Astra-Zeneca,Segunda,2021-05-28,2878
Total,Primera,2021-05-29,10564646
Total,Segunda,2021-05-29,7984846
Pfizer,Primera,2021-05-29,1993938
Pfizer,Segunda,2021-05-29,1359796
Sinovac,Primera,2021-05-29,8337893
Sinovac,Segunda,2021-05-29,6621871
CanSino,Primera,2021-05-29,0
CanSino,Segunda,2021-05-29,0
Astra-Zeneca,Primera,2021-05-29,232815
Astra-Zeneca,Segunda,2021-05-29,3179
Total,Primera,2021-05-30,10573765
Total,Segunda,2021-05-30,7985821
Pfizer,Primera,2021-05-30,1995163
Pfizer,Segunda,2021-05-30,1360132
Sinovac,Primera,2021-05-30,8344449
Sinovac,Segunda,2021-05-30,6622454
CanSino,Primera,2021-05-30,0
CanSino,Segunda,2021-05-30,0
Astra-Zeneca,Primera,2021-05-30,234153
Astra-Zeneca,Segunda,2021-05-30,3235
Total,Primera,2021-05-31,10729730
Total,Segunda,2021-05-31,8045504
Pfizer,Primera,2021-05-31,2049248
Pfizer,Segunda,2021-05-31,1374198
Sinovac,Primera,2021-05-31,8406501
Sinovac,Segunda,2021-05-31,6664101
CanSino,Primera,2021-05-31,0
CanSino,Segunda,2021-05-31,74
Astra-Zeneca,Primera,2021-05-31,273981
Astra-Zeneca,Segunda,2021-05-31,7205
Total,Primera,2021-06-01,10869163
Total,Segunda,2021-06-01,8117115
Pfizer,Primera,2021-06-01,2137967
Pfizer,Segunda,2021-06-01,1388816
Sinovac,Primera,2021-06-01,8416561
Sinovac,Segunda,2021-06-01,6716337
CanSino,Primera,2021-06-01,0
CanSino,Segunda,2021-06-01,10460
Astra-Zeneca,Primera,2021-06-01,314635
Astra-Zeneca,Segunda,2021-06-01,11962
Total,Primera,2021-06-02,10978263
Total,Segunda,2021-06-02,8188932
Pfizer,Primera,2021-06-02,2209760
Pfizer,Segunda,2021-06-02,1397122
Sinovac,Primera,2021-06-02,8424941
Sinovac,Segunda,2021-06-02,6776291
CanSino,Primera,2021-06-02,0
CanSino,Segunda,2021-06-02,33782
Astra-Zeneca,Primera,2021-06-02,343562
Astra-Zeneca,Segunda,2021-06-02,15519
Total,Primera,2021-06-03,11033884
Total,Segunda,2021-06-03,8257533
Pfizer,Primera,2021-06-03,2250349
Pfizer,Segunda,2021-06-03,1404108
Sinovac,Primera,2021-06-03,8438293
Sinovac,Segunda,2021-06-03,6837242
CanSino,Primera,2021-06-03,0
CanSino,Segunda,2021-06-03,73402
Astra-Zeneca,Primera,2021-06-03,345242
Astra-Zeneca,Segunda,2021-06-03,16183
Total,Primera,2021-06-04,11076277
Total,Segunda,2021-06-04,8326010
Pfizer,Primera,2021-06-04,2269225
Pfizer,Segunda,2021-06-04,1409758
Sinovac,Primera,2021-06-04,8460795
Sinovac,Segunda,2021-06-04,6899530
CanSino,Primera,2021-06-04,0
CanSino,Segunda,2021-06-04,107772
Astra-Zeneca,Primera,2021-06-04,346257
Astra-Zeneca,Segunda,2021-06-04,16722
Total,Primera,2021-06-05,11091029
Total,Segunda,2021-06-05,8339077
Pfizer,Primera,2021-06-05,2273001
Pfizer,Segunda,2021-06-05,1411099
Sinovac,Primera,2021-06-05,8471572
Sinovac,Segunda,2021-06-05,6911145
CanSino,Primera,2021-06-05,0
CanSino,Segunda,2021-06-05,117686
Astra-Zeneca,Primera,2021-06-05,346456
Astra-Zeneca,Segunda,2021-06-05,16833
Total,Primera,2021-06-06,11093009
Total,Segunda,2021-06-06,8340308
Pfizer,Primera,2021-06-06,2273496
Pfizer,Segunda,2021-06-06,1411197
Sinovac,Primera,2021-06-06,8473032
Sinovac,Segunda,2021-06-06,6912273
CanSino,Primera,2021-06-06,0
CanSino,Segunda,2021-06-06,119476
Astra-Zeneca,Primera,2021-06-06,346481
Astra-Zeneca,Segunda,2021-06-06,16838
Total,Primera,2021-06-07,11146901
Total,Segunda,2021-06-07,8440419
Pfizer,Primera,2021-06-07,2278024
Pfizer,Segunda,2021-06-07,1418410
Sinovac,Primera,2021-06-07,8521082
Sinovac,Segunda,2021-06-07,7004529
CanSino,Primera,2021-06-07,0
CanSino,Segunda,2021-06-07,146947
Astra-Zeneca,Primera,2021-06-07,347795
Astra-Zeneca,Segunda,2021-06-07,17480
Total,Primera,2021-06-08,11207131
Total,Segunda,2021-06-08,8544924
Pfizer,Primera,2021-06-08,2283428
Pfizer,Segunda,2021-06-08,1426653
Sinovac,Primera,2021-06-08,8574756
Sinovac,Segunda,2021-06-08,7100259
CanSino,Primera,2021-06-08,0
CanSino,Segunda,2021-06-08,167027
Astra-Zeneca,Primera,2021-06-08,348947
Astra-Zeneca,Segunda,2021-06-08,18012
Total,Primera,2021-06-09,11283749
Total,Segunda,2021-06-09,8645302
Pfizer,Primera,2021-06-09,2289543
Pfizer,Segunda,2021-06-09,1432829
Sinovac,Primera,2021-06-09,8643826
Sinovac,Segunda,2021-06-09,7193922
CanSino,Primera,2021-06-09,0
CanSino,Segunda,2021-06-09,183757
Astra-Zeneca,Primera,2021-06-09,350380
Astra-Zeneca,Segunda,2021-06-09,18551
Total,Primera,2021-06-10,11380097
Total,Segunda,2021-06-10,8738947
Pfizer,Primera,2021-06-10,2297017
Pfizer,Segunda,2021-06-10,1439325
Sinovac,Primera,2021-06-10,8731900
Sinovac,Segunda,2021-06-10,7280583
CanSino,Primera,2021-06-10,0
CanSino,Segunda,2021-06-10,196915
Astra-Zeneca,Primera,2021-06-10,351180
Astra-Zeneca,Segunda,2021-06-10,19039
Total,Primera,2021-06-11,11460726
Total,Segunda,2021-06-11,8833306
Pfizer,Primera,2021-06-11,2305527
Pfizer,Segunda,2021-06-11,1447712
Sinovac,Primera,2021-06-11,8803232
Sinovac,Segunda,2021-06-11,7366106
CanSino,Primera,2021-06-11,0
CanSino,Segunda,2021-06-11,200961
Astra-Zeneca,Primera,2021-06-11,351967
Astra-Zeneca,Segunda,2021-06-11,19488
Total,Primera,2021-06-12,11483444
Total,Segunda,2021-06-12,8842710
Pfizer,Primera,2021-06-12,2307281
Pfizer,Segunda,2021-06-12,1448773
Sinovac,Primera,2021-06-12,8823981
Sinovac,Segunda,2021-06-12,7374336
CanSino,Primera,2021-06-12,0
CanSino,Segunda,2021-06-12,201354
Astra-Zeneca,Primera,2021-06-12,352182
Astra-Zeneca,Segunda,2021-06-12,19601
Total,Primera,2021-06-13,11484868
Total,Segunda,2021-06-13,8843305
Pfizer,Primera,2021-06-13,2307758
Pfizer,Segunda,2021-06-13,1448841
Sinovac,Primera,2021-06-13,8824918
Sinovac,Segunda,2021-06-13,7374858
CanSino,Primera,2021-06-13,0
CanSino,Segunda,2021-06-13,201403
Astra-Zeneca,Primera,2021-06-13,352192
Astra-Zeneca,Segunda,2021-06-13,19606
Total,Primera,2021-06-14,11589933
Total,Segunda,2021-06-14,8955798
Pfizer,Primera,2021-06-14,2311987
Pfizer,Segunda,2021-06-14,1476669
Sinovac,Primera,2021-06-14,8924978
Sinovac,Segunda,2021-06-14,7459126
CanSino,Primera,2021-06-14,0
CanSino,Segunda,2021-06-14,205580
Astra-Zeneca,Primera,2021-06-14,352968
Astra-Zeneca,Segunda,2021-06-14,20003
Total,Primera,2021-06-15,11675034
Total,Segunda,2021-06-15,9077836
Pfizer,Primera,2021-06-15,2317570
Pfizer,Segunda,2021-06-15,1524326
Sinovac,Primera,2021-06-15,9004013
Sinovac,Segunda,2021-06-15,7533171
CanSino,Primera,2021-06-15,0
CanSino,Segunda,2021-06-15,209260
Astra-Zeneca,Primera,2021-06-15,353451
Astra-Zeneca,Segunda,2021-06-15,20339
Total,Primera,2021-06-16,11780631
Total,Segunda,2021-06-16,9195263
Pfizer,Primera,2021-06-16,2330174
Pfizer,Segunda,2021-06-16,1583414
Sinovac,Primera,2021-06-16,9096566
Sinovac,Segunda,2021-06-16,7591087
CanSino,Primera,2021-06-16,0
CanSino,Segunda,2021-06-16,213214
Astra-Zeneca,Primera,2021-06-16,353891
Astra-Zeneca,Segunda,2021-06-16,20762
Total,Primera,2021-06-17,11851584
Total,Segunda,2021-06-17,9305318
Pfizer,Primera,2021-06-17,2343153
Pfizer,Segunda,2021-06-17,1637190
Sinovac,Primera,2021-06-17,9154140
Sinovac,Segunda,2021-06-17,7646985
CanSino,Primera,2021-06-17,0
CanSino,Segunda,2021-06-17,216256
Astra-Zeneca,Primera,2021-06-17,354291
Astra-Zeneca,Segunda,2021-06-17,21143
Total,Primera,2021-06-18,11913065
Total,Segunda,2021-06-18,9348758
Pfizer,Primera,2021-06-18,2360007
Pfizer,Segunda,2021-06-18,1657947
Sinovac,Primera,2021-06-18,9198444
Sinovac,Segunda,2021-06-18,7669144
CanSino,Primera,2021-06-18,0
CanSino,Segunda,2021-06-18,218633
Astra-Zeneca,Primera,2021-06-18,354614
Astra-Zeneca,Segunda,2021-06-18,21667
Total,Primera,2021-06-19,11929642
Total,Segunda,2021-06-19,9368635
Pfizer,Primera,2021-06-19,2363167
Pfizer,Segunda,2021-06-19,1666296
Sinovac,Primera,2021-06-19,9211795
Sinovac,Segunda,2021-06-19,7680594
CanSino,Primera,2021-06-19,0
CanSino,Segunda,2021-06-19,218911
Astra-Zeneca,Primera,2021-06-19,354680
Astra-Zeneca,Segunda,2021-06-19,21745
Total,Primera,2021-06-20,11931438
Total,Segunda,2021-06-20,9370782
Pfizer,Primera,2021-06-20,2363616
Pfizer,Segunda,2021-06-20,1667078
Sinovac,Primera,2021-06-20,9213137
Sinovac,Segunda,2021-06-20,7681954
CanSino,Primera,2021-06-20,0
CanSino,Segunda,2021-06-20,218923
Astra-Zeneca,Primera,2021-06-20,354685
Astra-Zeneca,Segunda,2021-06-20,21750
Total,Primera,2021-06-21,11938756
Total,Segunda,2021-06-21,9383120
Pfizer,Primera,2021-06-21,2367592
Pfizer,Segunda,2021-06-21,1672815
Sinovac,Primera,2021-06-21,9216447
Sinovac,Segunda,2021-06-21,7688464
CanSino,Primera,2021-06-21,0
CanSino,Segunda,2021-06-21,219001
Astra-Zeneca,Primera,2021-06-21,354717
Astra-Zeneca,Segunda,2021-06-21,21841
Total,Primera,2021-06-22,12038392
Total,Segunda,2021-06-22,9588649
Pfizer,Primera,2021-06-22,2442575
Pfizer,Segunda,2021-06-22,1760990
Sinovac,Primera,2021-06-22,9240627
Sinovac,Segunda,2021-06-22,7804462
CanSino,Primera,2021-06-22,0
CanSino,Segunda,2021-06-22,222763
Astra-Zeneca,Primera,2021-06-22,355190
Astra-Zeneca,Segunda,2021-06-22,23197
Total,Primera,2021-06-23,12113928
Total,Segunda,2021-06-23,9752384
Pfizer,Primera,2021-06-23,2496720
Pfizer,Segunda,2021-06-23,1822301
Sinovac,Primera,2021-06-23,9261521
Sinovac,Segunda,2021-06-23,7905114
CanSino,Primera,2021-06-23,0
CanSino,Segunda,2021-06-23,235183
Astra-Zeneca,Primera,2021-06-23,355687
Astra-Zeneca,Segunda,2021-06-23,24969
Total,Primera,2021-06-24,12162398
Total,Segunda,2021-06-24,9893602
Pfizer,Primera,2021-06-24,2532871
Pfizer,Segunda,2021-06-24,1872328
Sinovac,Primera,2021-06-24,9273221
Sinovac,Segunda,2021-06-24,7993465
CanSino,Primera,2021-06-24,0
CanSino,Segunda,2021-06-24,298761
Astra-Zeneca,Primera,2021-06-24,356306
Astra-Zeneca,Segunda,2021-06-24,27809
Total,Primera,2021-06-25,12200592
Total,Segunda,2021-06-25,10016579
Pfizer,Primera,2021-06-25,2565880
Pfizer,Segunda,2021-06-25,1912110
Sinovac,Primera,2021-06-25,9277829
Sinovac,Segunda,2021-06-25,8073177
CanSino,Primera,2021-06-25,0
CanSino,Segunda,2021-06-25,348875
Astra-Zeneca,Primera,2021-06-25,356883
Astra-Zeneca,Segunda,2021-06-25,31292
Total,Primera,2021-06-26,12211679
Total,Segunda,2021-06-26,10048325
Pfizer,Primera,2021-06-26,2575624
Pfizer,Segunda,2021-06-26,1923363
Sinovac,Primera,2021-06-26,9278888
Sinovac,Segunda,2021-06-26,8092713
CanSino,Primera,2021-06-26,0
CanSino,Segunda,2021-06-26,358952
Astra-Zeneca,Primera,2021-06-26,357167
Astra-Zeneca,Segunda,2021-06-26,32249
Total,Primera,2021-06-27,12212712
Total,Segunda,2021-06-27,10051705
Pfizer,Primera,2021-06-27,2576584
Pfizer,Segunda,2021-06-27,1924648
Sinovac,Primera,2021-06-27,9278951
Sinovac,Segunda,2021-06-27,8094727
CanSino,Primera,2021-06-27,0
CanSino,Segunda,2021-06-27,360207
Astra-Zeneca,Primera,2021-06-27,357177
Astra-Zeneca,Segunda,2021-06-27,32330
Total,Primera,2021-06-28,12213958
Total,Segunda,2021-06-28,10054840
Pfizer,Primera,2021-06-28,2577675
Pfizer,Segunda,2021-06-28,1926253
Sinovac,Primera,2021-06-28,9279054
Sinovac,Segunda,2021-06-28,8096142
CanSino,Primera,2021-06-28,0
CanSino,Segunda,2021-06-28,361433
Astra-Zeneca,Primera,2021-06-28,357229
Astra-Zeneca,Segunda,2021-06-28,32445
Total,Primera,2021-06-29,12253958
Total,Segunda,2021-06-29,10232432
Pfizer,Primera,2021-06-29,2612596
Pfizer,Segunda,2021-06-29,2025062
Sinovac,Primera,2021-06-29,9283195
Sinovac,Segunda,2021-06-29,8170047
CanSino,Primera,2021-06-29,0
CanSino,Segunda,2021-06-29,393338
Astra-Zeneca,Primera,2021-06-29,358167
Astra-Zeneca,Segunda,2021-06-29,37323
Total,Primera,2021-06-30,12302077
Total,Segunda,2021-06-30,10366456
Pfizer,Primera,2021-06-30,2657092
Pfizer,Segunda,2021-06-30,2112774
Sinovac,Primera,2021-06-30,9285967
Sinovac,Segunda,2021-06-30,8212942
CanSino,Primera,2021-06-30,0
CanSino,Segunda,2021-06-30,416249
Astra-Zeneca,Primera,2021-06-30,359018
Astra-Zeneca,Segunda,2021-06-30,40740
Total,Primera,2021-07-01,12388970
Total,Segunda,2021-07-01,10448374
Pfizer,Primera,2021-07-01,2741072
Pfizer,Segunda,2021-07-01,2163994
Sinovac,Primera,2021-07-01,9288244
Sinovac,Segunda,2021-07-01,8241225
CanSino,Primera,2021-07-01,0
CanSino,Segunda,2021-07-01,430267
Astra-Zeneca,Primera,2021-07-01,359654
Astra-Zeneca,Segunda,2021-07-01,43155
Total,Primera,2021-07-02,12454412
Total,Segunda,2021-07-02,10513286
Pfizer,Primera,2021-07-02,2804341
Pfizer,Segunda,2021-07-02,2198622
Sinovac,Primera,2021-07-02,9289872
Sinovac,Segunda,2021-07-02,8269466
CanSino,Primera,2021-07-02,0
CanSino,Segunda,2021-07-02,441741
Astra-Zeneca,Primera,2021-07-02,360199
Astra-Zeneca,Segunda,2021-07-02,45198
Total,Primera,2021-07-03,12469965
Total,Segunda,2021-07-03,10532284
Pfizer,Primera,2021-07-03,2819296
Pfizer,Segunda,2021-07-03,2206975
Sinovac,Primera,2021-07-03,9290272
Sinovac,Segunda,2021-07-03,8279717
CanSino,Primera,2021-07-03,0
CanSino,Segunda,2021-07-03,445172
Astra-Zeneca,Primera,2021-07-03,360397
Astra-Zeneca,Segunda,2021-07-03,45592
Total,Primera,2021-07-04,12471971
Total,Segunda,2021-07-04,10534386
Pfizer,Primera,2021-07-04,2821269
Pfizer,Segunda,2021-07-04,2207998
Sinovac,Primera,2021-07-04,9290287
Sinovac,Segunda,2021-07-04,8280746
CanSino,Primera,2021-07-04,0
CanSino,Segunda,2021-07-04,445573
Astra-Zeneca,Primera,2021-07-04,360415
Astra-Zeneca,Segunda,2021-07-04,45642
Total,Primera,2021-07-05,12519739
Total,Segunda,2021-07-05,10631299
Pfizer,Primera,2021-07-05,2866670
Pfizer,Segunda,2021-07-05,2256259
Sinovac,Primera,2021-07-05,9291733
Sinovac,Segunda,2021-07-05,8326465
CanSino,Primera,2021-07-05,0
CanSino,Segunda,2021-07-05,455982
Astra-Zeneca,Primera,2021-07-05,361336
Astra-Zeneca,Segunda,2021-07-05,48575
Total,Primera,2021-07-06,12563451
Total,Segunda,2021-07-06,10710325
Pfizer,Primera,2021-07-06,2908175
Pfizer,Segunda,2021-07-06,2284216
Sinovac,Primera,2021-07-06,9293152
Sinovac,Segunda,2021-07-06,8374713
CanSino,Primera,2021-07-06,0
CanSino,Segunda,2021-07-06,463575
Astra-Zeneca,Primera,2021-07-06,362124
Astra-Zeneca,Segunda,2021-07-06,51396
Total,Primera,2021-07-07,12637272
Total,Segunda,2021-07-07,10793882
Pfizer,Primera,2021-07-07,2980450
Pfizer,Segunda,2021-07-07,2305699
Sinovac,Primera,2021-07-07,9294201
Sinovac,Segunda,2021-07-07,8434219
CanSino,Primera,2021-07-07,0
CanSino,Segunda,2021-07-07,468375
Astra-Zeneca,Primera,2021-07-07,362621
Astra-Zeneca,Segunda,2021-07-07,53964
Total,Primera,2021-07-08,12695328
Total,Segunda,2021-07-08,10888636
Pfizer,Primera,2021-07-08,3037040
Pfizer,Segunda,2021-07-08,2325440
Sinovac,Primera,2021-07-08,9295254
Sinovac,Segunda,2021-07-08,8507414
CanSino,Primera,2021-07-08,0
CanSino,Segunda,2021-07-08,472241
Astra-Zeneca,Primera,2021-07-08,363034
Astra-Zeneca,Segunda,2021-07-08,55782
Total,Primera,2021-07-09,12745923
Total,Segunda,2021-07-09,10973642
Pfizer,Primera,2021-07-09,3085935
Pfizer,Segunda,2021-07-09,2345343
Sinovac,Primera,2021-07-09,9296388
Sinovac,Segunda,2021-07-09,8570743
CanSino,Primera,2021-07-09,0
CanSino,Segunda,2021-07-09,476159
Astra-Zeneca,Primera,2021-07-09,363600
Astra-Zeneca,Segunda,2021-07-09,57556
Total,Primera,2021-07-10,12765929
Total,Segunda,2021-07-10,10995486
Pfizer,Primera,2021-07-10,3105177
Pfizer,Segunda,2021-07-10,2351154
Sinovac,Primera,2021-07-10,9296567
Sinovac,Segunda,2021-07-10,8586341
CanSino,Primera,2021-07-10,0
CanSino,Segunda,2021-07-10,477734
Astra-Zeneca,Primera,2021-07-10,364185
Astra-Zeneca,Segunda,2021-07-10,57991
Total,Primera,2021-07-11,12768327
Total,Segunda,2021-07-11,10998028
Pfizer,Primera,2021-07-11,3107519
Pfizer,Segunda,2021-07-11,2352066
Sinovac,Primera,2021-07-11,9296586
Sinovac,Segunda,2021-07-11,8587928
CanSino,Primera,2021-07-11,0
CanSino,Segunda,2021-07-11,477905
Astra-Zeneca,Primera,2021-07-11,364222
Astra-Zeneca,Segunda,2021-07-11,58034
Total,Primera,2021-07-12,12817537
Total,Segunda,2021-07-12,11124513
Pfizer,Primera,2021-07-12,3154947
Pfizer,Segunda,2021-07-12,2391462
Sinovac,Primera,2021-07-12,9297677
Sinovac,Segunda,2021-07-12,8673041
CanSino,Primera,2021-07-12,0
CanSino,Segunda,2021-07-12,481996
Astra-Zeneca,Primera,2021-07-12,364913
Astra-Zeneca,Segunda,2021-07-12,60010
Total,Primera,2021-07-13,12897759
Total,Segunda,2021-07-13,11225514
Pfizer,Primera,2021-07-13,3233557
Pfizer,Segunda,2021-07-13,2416200
Sinovac,Primera,2021-07-13,9298762
Sinovac,Segunda,2021-07-13,8747980
CanSino,Primera,2021-07-13,0
CanSino,Segunda,2021-07-13,484830
Astra-Zeneca,Primera,2021-07-13,365440
Astra-Zeneca,Segunda,2021-07-13,61334
Total,Primera,2021-07-14,12952486
Total,Segunda,2021-07-14,11331001
Pfizer,Primera,2021-07-14,3286746
Pfizer,Segunda,2021-07-14,2437846
Sinovac,Primera,2021-07-14,9299862
Sinovac,Segunda,2021-07-14,8830706
CanSino,Primera,2021-07-14,0
CanSino,Segunda,2021-07-14,487552
Astra-Zeneca,Primera,2021-07-14,365878
Astra-Zeneca,Segunda,2021-07-14,62449
Total,Primera,2021-07-15,13024022
Total,Segunda,2021-07-15,11421570
Pfizer,Primera,2021-07-15,3333689
Pfizer,Segunda,2021-07-15,2457886
Sinovac,Primera,2021-07-15,9322558
Sinovac,Segunda,2021-07-15,8899909
CanSino,Primera,2021-07-15,0
CanSino,Segunda,2021-07-15,492859
Astra-Zeneca,Primera,2021-07-15,367775
Astra-Zeneca,Segunda,2021-07-15,63775
Total,Primera,2021-07-16,13026150
Total,Segunda,2021-07-16,11424174
Pfizer,Primera,2021-07-16,3335234
Pfizer,Segunda,2021-07-16,2458796
Sinovac,Primera,2021-07-16,9323057
Sinovac,Segunda,2021-07-16,8901577
CanSino,Primera,2021-07-16,0
CanSino,Segunda,2021-07-16,492956
Astra-Zeneca,Primera,2021-07-16,367859
Astra-Zeneca,Segunda,2021-07-16,63801
Total,Primera,2021-07-17,13036114
Total,Segunda,2021-07-17,11437635
Pfizer,Primera,2021-07-17,3340812
Pfizer,Segunda,2021-07-17,2462451
Sinovac,Primera,2021-07-17,9327246
Sinovac,Segunda,2021-07-17,8911257
CanSino,Primera,2021-07-17,0
CanSino,Segunda,2021-07-17,493425
Astra-Zeneca,Primera,2021-07-17,368056
Astra-Zeneca,Segunda,2021-07-17,63927
Total,Primera,2021-07-18,13037045
Total,Segunda,2021-07-18,11438837
Pfizer,Primera,2021-07-18,3341189
Pfizer,Segunda,2021-07-18,2462946
Sinovac,Primera,2021-07-18,9327800
Sinovac,Segunda,2021-07-18,8911964
CanSino,Primera,2021-07-18,0
CanSino,Segunda,2021-07-18,493527
Astra-Zeneca,Primera,2021-07-18,368056
Astra-Zeneca,Segunda,2021-07-18,63927
Total,Primera,2021-07-19,13084693
Total,Segunda,2021-07-19,11511917
Pfizer,Primera,2021-07-19,3374403
Pfizer,Segunda,2021-07-19,2488695
Sinovac,Primera,2021-07-19,9341414
Sinovac,Segunda,2021-07-19,8958216
CanSino,Primera,2021-07-19,0
CanSino,Segunda,2021-07-19,496162
Astra-Zeneca,Primera,2021-07-19,368876
Astra-Zeneca,Segunda,2021-07-19,65006
Total,Primera,2021-07-20,13124898
Total,Segunda,2021-07-20,11604411
Pfizer,Primera,2021-07-20,3401871
Pfizer,Segunda,2021-07-20,2541019
Sinovac,Primera,2021-07-20,9353337
Sinovac,Segunda,2021-07-20,8997237
CanSino,Primera,2021-07-20,0
CanSino,Segunda,2021-07-20,497898
Astra-Zeneca,Primera,2021-07-20,369690
Astra-Zeneca,Segunda,2021-07-20,66155
Total,Primera,2021-07-21,13158252
Total,Segunda,2021-07-21,11674520
Pfizer,Primera,2021-07-21,3424222
Pfizer,Segunda,2021-07-21,2578770
Sinovac,Primera,2021-07-21,9363547
Sinovac,Segunda,2021-07-21,9027937
CanSino,Primera,2021-07-21,0
CanSino,Segunda,2021-07-21,499300
Astra-Zeneca,Primera,2021-07-21,370483
Astra-Zeneca,Segunda,2021-07-21,67813
Total,Primera,2021-07-22,13194113
Total,Segunda,2021-07-22,11715491
Pfizer,Primera,2021-07-22,3451663
Pfizer,Segunda,2021-07-22,2596516
Sinovac,Primera,2021-07-22,9371208
Sinovac,Segunda,2021-07-22,9049380
CanSino,Primera,2021-07-22,0
CanSino,Segunda,2021-07-22,500893
Astra-Zeneca,Primera,2021-07-22,371242
Astra-Zeneca,Segunda,2021-07-22,69595
Total,Primera,2021-07-23,13252297
Total,Segunda,2021-07-23,11772190
Pfizer,Primera,2021-07-23,3502153
Pfizer,Segunda,2021-07-23,2635056
Sinovac,Primera,2021-07-23,9378103
Sinovac,Segunda,2021-07-23,9064346
CanSino,Primera,2021-07-23,0
CanSino,Segunda,2021-07-23,502123
Astra-Zeneca,Primera,2021-07-23,372041
Astra-Zeneca,Segunda,2021-07-23,72788
Total,Primera,2021-07-24,13275340
Total,Segunda,2021-07-24,11782341
Pfizer,Primera,2021-07-24,3511988
Pfizer,Segunda,2021-07-24,2640274
Sinovac,Primera,2021-07-24,9390542
Sinovac,Segunda,2021-07-24,9068777
CanSino,Primera,2021-07-24,0
CanSino,Segunda,2021-07-24,503549
Astra-Zeneca,Primera,2021-07-24,372810
Astra-Zeneca,Segunda,2021-07-24,73290
Total,Primera,2021-07-25,13277402
Total,Segunda,2021-07-25,11783200
Pfizer,Primera,2021-07-25,3512800
Pfizer,Segunda,2021-07-25,2640701
Sinovac,Primera,2021-07-25,9391770
Sinovac,Segunda,2021-07-25,9069198
CanSino,Primera,2021-07-25,0
CanSino,Segunda,2021-07-25,503591
Astra-Zeneca,Primera,2021-07-25,372832
Astra-Zeneca,Segunda,2021-07-25,73301
Total,Primera,2021-07-26,13292890
Total,Segunda,2021-07-26,11823565
Pfizer,Primera,2021-07-26,3525614
Pfizer,Segunda,2021-07-26,2666638
Sinovac,Primera,2021-07-26,9393726
Sinovac,Segunda,2021-07-26,9081046
CanSino,Primera,2021-07-26,0
CanSino,Segunda,2021-07-26,504541
Astra-Zeneca,Primera,2021-07-26,373550
Astra-Zeneca,Segunda,2021-07-26,75881
Total,Primera,2021-07-27,13302179
Total,Segunda,2021-07-27,11864591
Pfizer,Primera,2021-07-27,3533275
Pfizer,Segunda,2021-07-27,2696222
Sinovac,Primera,2021-07-27,9394955
Sinovac,Segunda,2021-07-27,9089926
CanSino,Primera,2021-07-27,0
CanSino,Segunda,2021-07-27,505320
Astra-Zeneca,Primera,2021-07-27,373949
Astra-Zeneca,Segunda,2021-07-27,78443
Total,Primera,2021-07-28,13309243
Total,Segunda,2021-07-28,11892176
Pfizer,Primera,2021-07-28,3538976
Pfizer,Segunda,2021-07-28,2716102
Sinovac,Primera,2021-07-28,9395956
Sinovac,Segunda,2021-07-28,9096029
CanSino,Primera,2021-07-28,0
CanSino,Segunda,2021-07-28,505853
Astra-Zeneca,Primera,2021-07-28,374311
Astra-Zeneca,Segunda,2021-07-28,80045
Total,Primera,2021-07-29,13317900
Total,Segunda,2021-07-29,11973376
Pfizer,Primera,2021-07-29,3546338
Pfizer,Segunda,2021-07-29,2791060
Sinovac,Primera,2021-07-29,9396959
Sinovac,Segunda,2021-07-29,9100917
CanSino,Primera,2021-07-29,0
CanSino,Segunda,2021-07-29,506331
Astra-Zeneca,Primera,2021-07-29,374603
Astra-Zeneca,Segunda,2021-07-29,81399
Total,Primera,2021-07-30,13326274
Total,Segunda,2021-07-30,12041521
Pfizer,Primera,2021-07-30,3553840
Pfizer,Segunda,2021-07-30,2854124
Sinovac,Primera,2021-07-30,9397548
Sinovac,Segunda,2021-07-30,9104647
CanSino,Primera,2021-07-30,0
CanSino,Segunda,2021-07-30,506606
Astra-Zeneca,Primera,2021-07-30,374886
Astra-Zeneca,Segunda,2021-07-30,82750
Total,Primera,2021-07-31,13327334
Total,Segunda,2021-07-31,12051657
Pfizer,Primera,2021-07-31,3554742
Pfizer,Segunda,2021-07-31,2862628
Sinovac,Primera,2021-07-31,9397688
Sinovac,Segunda,2021-07-31,9105948
CanSino,Primera,2021-07-31,0
CanSino,Segunda,2021-07-31,506618
Astra-Zeneca,Primera,2021-07-31,374904
Astra-Zeneca,Segunda,2021-07-31,83081
Total,Primera,2021-08-01,13327368
Total,Segunda,2021-08-01,12052092
Pfizer,Primera,2021-08-01,3554774
Pfizer,Segunda,2021-08-01,2862998
Sinovac,Primera,2021-08-01,9397690
Sinovac,Segunda,2021-08-01,9106012
CanSino,Primera,2021-08-01,0
CanSino,Segunda,2021-08-01,506619
Astra-Zeneca,Primera,2021-08-01,374904
Astra-Zeneca,Segunda,2021-08-01,83082
Total,Primera,2021-08-02,13426908
Total,Segunda,2021-08-02,12075788
Pfizer,Primera,2021-08-02,3555394
Pfizer,Segunda,2021-08-02,2868329
Sinovac,Primera,2021-08-02,9495565
Sinovac,Segunda,2021-08-02,9123591
CanSino,Primera,2021-08-02,0
CanSino,Segunda,2021-08-02,507618
Astra-Zeneca,Primera,2021-08-02,375949
Astra-Zeneca,Segunda,2021-08-02,83868
Total,Primera,2021-08-03,13539729
Total,Segunda,2021-08-03,12101176
Pfizer,Primera,2021-08-03,3556010
Pfizer,Segunda,2021-08-03,2873873
Sinovac,Primera,2021-08-03,9606517
Sinovac,Segunda,2021-08-03,9142536
CanSino,Primera,2021-08-03,0
CanSino,Segunda,2021-08-03,508471
Astra-Zeneca,Primera,2021-08-03,377202
Astra-Zeneca,Segunda,2021-08-03,84767
Total,Primera,2021-08-04,13544521
Total,Segunda,2021-08-04,12160896
Pfizer,Primera,2021-08-04,3557320
Pfizer,Segunda,2021-08-04,2930823
Sinovac,Primera,2021-08-04,9609761
Sinovac,Segunda,2021-08-04,9143721
CanSino,Primera,2021-08-04,0
CanSino,Segunda,2021-08-04,508695
Astra-Zeneca,Primera,2021-08-04,377440
Astra-Zeneca,Segunda,2021-08-04,86352
Total,Primera,2021-08-05,13547787
Total,Segunda,2021-08-05,12203766
Pfizer,Primera,2021-08-05,3558398
Pfizer,Segunda,2021-08-05,2971612
Sinovac,Primera,2021-08-05,9611774
Sinovac,Segunda,2021-08-05,9144581
CanSino,Primera,2021-08-05,0
CanSino,Segunda,2021-08-05,508877
Astra-Zeneca,Primera,2021-08-05,377615
Astra-Zeneca,Segunda,2021-08-05,87573
Total,Primera,2021-08-06,13550777
Total,Segunda,2021-08-06,12235316
Pfizer,Primera,2021-08-06,3559518
Pfizer,Segunda,2021-08-06,3001355
Sinovac,Primera,2021-08-06,9613415
Sinovac,Segunda,2021-08-06,9145355
CanSino,Primera,2021-08-06,0
CanSino,Segunda,2021-08-06,509057
Astra-Zeneca,Primera,2021-08-06,377844
Astra-Zeneca,Segunda,2021-08-06,88606
Total,Primera,2021-08-07,13551018
Total,Segunda,2021-08-07,12236227
Pfizer,Primera,2021-08-07,3559573
Pfizer,Segunda,2021-08-07,3002197
Sinovac,Primera,2021-08-07,9613593
Sinovac,Segunda,2021-08-07,9145414
CanSino,Primera,2021-08-07,0
CanSino,Segunda,2021-08-07,509073
Astra-Zeneca,Primera,2021-08-07,377852
Astra-Zeneca,Segunda,2021-08-07,88616
Total,Primera,2021-08-08,13551074
Total,Segunda,2021-08-08,12236249
Pfizer,Primera,2021-08-08,3559573
Pfizer,Segunda,2021-08-08,3002210
Sinovac,Primera,2021-08-08,9613649
Sinovac,Segunda,2021-08-08,9145423
CanSino,Primera,2021-08-08,0
CanSino,Segunda,2021-08-08,509073
Astra-Zeneca,Primera,2021-08-08,377852
Astra-Zeneca,Segunda,2021-08-08,88616
Total,Primera,2021-08-09,13627974
Total,Segunda,2021-08-09,12257473
Pfizer,Primera,2021-08-09,3559896
Pfizer,Segunda,2021-08-09,3009443
Sinovac,Primera,2021-08-09,9689796
Sinovac,Segunda,2021-08-09,9159054
CanSino,Primera,2021-08-09,0
CanSino,Segunda,2021-08-09,509293
Astra-Zeneca,Primera,2021-08-09,378282
Astra-Zeneca,Segunda,2021-08-09,88976
Total,Primera,2021-08-10,13696010
Total,Segunda,2021-08-10,12276943
Pfizer,Primera,2021-08-10,3560186
Pfizer,Segunda,2021-08-10,3017011
Sinovac,Primera,2021-08-10,9757139
Sinovac,Segunda,2021-08-10,9170644
CanSino,Primera,2021-08-10,0
CanSino,Segunda,2021-08-10,509546
Astra-Zeneca,Primera,2021-08-10,378685
Astra-Zeneca,Segunda,2021-08-10,89288
Total,Primera,2021-08-11,13698832
Total,Segunda,2021-08-11,12394784
Pfizer,Primera,2021-08-11,3560910
Pfizer,Segunda,2021-08-11,3130886
Sinovac,Primera,2021-08-11,9759130
Sinovac,Segunda,2021-08-11,9172833
CanSino,Primera,2021-08-11,0
CanSino,Segunda,2021-08-11,509655
Astra-Zeneca,Primera,2021-08-11,378792
Astra-Zeneca,Segunda,2021-08-11,91065
Total,Primera,2021-08-12,13701163
Total,Segunda,2021-08-12,12474102
Pfizer,Primera,2021-08-12,3561523
Pfizer,Segunda,2021-08-12,3205026
Sinovac,Primera,2021-08-12,9760792
Sinovac,Segunda,2021-08-12,9176557
CanSino,Primera,2021-08-12,0
CanSino,Segunda,2021-08-12,509765
Astra-Zeneca,Primera,2021-08-12,378848
Astra-Zeneca,Segunda,2021-08-12,92519
Total,Primera,2021-08-13,13703257
Total,Segunda,2021-08-13,12523192
Pfizer,Primera,2021-08-13,3562066
Pfizer,Segunda,2021-08-13,3251313
Sinovac,Primera,2021-08-13,9762245
Sinovac,Segunda,2021-08-13,9178644
CanSino,Primera,2021-08-13,0
CanSino,Segunda,2021-08-13,509862
Astra-Zeneca,Primera,2021-08-13,378946
Astra-Zeneca,Segunda,2021-08-13,93235
Total,Primera,2021-08-14,13703538
Total,Segunda,2021-08-14,12524198
Pfizer,Primera,2021-08-14,3562124
Pfizer,Segunda,2021-08-14,3252198
Sinovac,Primera,2021-08-14,9762461
Sinovac,Segunda,2021-08-14,9178748
CanSino,Primera,2021-08-14,0
CanSino,Segunda,2021-08-14,509875
Astra-Zeneca,Primera,2021-08-14,378953
Astra-Zeneca,Segunda,2021-08-14,93252
Total,Primera,2021-08-15,13703762
Total,Segunda,2021-08-15,12524398
Pfizer,Primera,2021-08-15,3562127
Pfizer,Segunda,2021-08-15,3252280
Sinovac,Primera,2021-08-15,9762681
Sinovac,Segunda,2021-08-15,9178864
CanSino,Primera,2021-08-15,0
CanSino,Segunda,2021-08-15,509875
Astra-Zeneca,Primera,2021-08-15,378954
Astra-Zeneca,Segunda,2021-08-15,93254
Total,Primera,2021-08-16,13742321
Total,Segunda,2021-08-16,12546366
Pfizer,Primera,2021-08-16,3562439
Pfizer,Segunda,2021-08-16,3256435
Sinovac,Primera,2021-08-16,9800748
Sinovac,Segunda,2021-08-16,9195917
CanSino,Primera,2021-08-16,0
CanSino,Segunda,2021-08-16,510296
Astra-Zeneca,Primera,2021-08-16,379134
Astra-Zeneca,Segunda,2021-08-16,94014
Total,Primera,2021-08-17,13776601
Total,Segunda,2021-08-17,12570103
Pfizer,Primera,2021-08-17,3562841
Pfizer,Segunda,2021-08-17,3260681
Sinovac,Primera,2021-08-17,9834400
Sinovac,Segunda,2021-08-17,9214638
CanSino,Primera,2021-08-17,0
CanSino,Segunda,2021-08-17,513378
Astra-Zeneca,Primera,2021-08-17,379360
Astra-Zeneca,Segunda,2021-08-17,94784
Total,Primera,2021-08-18,13778525
Total,Segunda,2021-08-18,12647114
Pfizer,Primera,2021-08-18,3563378
Pfizer,Segunda,2021-08-18,3333890
Sinovac,Primera,2021-08-18,9835727
Sinovac,Segunda,2021-08-18,9217264
CanSino,Primera,2021-08-18,0
CanSino,Segunda,2021-08-18,514680
Astra-Zeneca,Primera,2021-08-18,379420
Astra-Zeneca,Segunda,2021-08-18,95960
Total,Primera,2021-08-19,13780094
Total,Segunda,2021-08-19,12706334
Pfizer,Primera,2021-08-19,3563882
Pfizer,Segunda,2021-08-19,3390347
Sinovac,Primera,2021-08-19,9836743
Sinovac,Segunda,2021-08-19,9219135
CanSino,Primera,2021-08-19,0
CanSino,Segunda,2021-08-19,516166
Astra-Zeneca,Primera,2021-08-19,379469
Astra-Zeneca,Segunda,2021-08-19,96852
Total,Primera,2021-08-20,13781405
Total,Segunda,2021-08-20,12760900
Pfizer,Primera,2021-08-20,3564386
Pfizer,Segunda,2021-08-20,3441975
Sinovac,Primera,2021-08-20,9837528
Sinovac,Segunda,2021-08-20,9221142
CanSino,Primera,2021-08-20,0
CanSino,Segunda,2021-08-20,518039
Astra-Zeneca,Primera,2021-08-20,379491
Astra-Zeneca,Segunda,2021-08-20,97783
Total,Primera,2021-08-21,13781583
Total,Segunda,2021-08-21,12762716
Pfizer,Primera,2021-08-21,3564429
Pfizer,Segunda,2021-08-21,3443362
Sinovac,Primera,2021-08-21,9837661
Sinovac,Segunda,2021-08-21,9221549
CanSino,Primera,2021-08-21,0
CanSino,Segunda,2021-08-21,519210
Astra-Zeneca,Primera,2021-08-21,379493
Astra-Zeneca,Segunda,2021-08-21,97805
Total,Primera,2021-08-22,13781659
Total,Segunda,2021-08-22,12762912
Pfizer,Primera,2021-08-22,3564440
Pfizer,Segunda,2021-08-22,3443492
Sinovac,Primera,2021-08-22,9837725
Sinovac,Segunda,2021-08-22,9221612
CanSino,Primera,2021-08-22,0
CanSino,Segunda,2021-08-22,519827
Astra-Zeneca,Primera,2021-08-22,379494
Astra-Zeneca,Segunda,2021-08-22,97808
Total,Primera,2021-08-23,13806689
Total,Segunda,2021-08-23,12787719
Pfizer,Primera,2021-08-23,3564755
Pfizer,Segunda,2021-08-23,3447332
Sinovac,Primera,2021-08-23,9860860
Sinovac,Segunda,2021-08-23,9240854
CanSino,Primera,2021-08-23,0
CanSino,Segunda,2021-08-23,524767
Astra-Zeneca,Primera,2021-08-23,381074
Astra-Zeneca,Segunda,2021-08-23,99533
Total,Primera,2021-08-24,13828844
Total,Segunda,2021-08-24,12805654
Pfizer,Primera,2021-08-24,3565073
Pfizer,Segunda,2021-08-24,3450310
Sinovac,Primera,2021-08-24,9881294
Sinovac,Segunda,2021-08-24,9254589
CanSino,Primera,2021-08-24,0
CanSino,Segunda,2021-08-24,529544
Astra-Zeneca,Primera,2021-08-24,382477
Astra-Zeneca,Segunda,2021-08-24,100755
Total,Primera,2021-08-25,13843199
Total,Segunda,2021-08-25,12819138
Pfizer,Primera,2021-08-25,3565379
Pfizer,Segunda,2021-08-25,3454396
Sinovac,Primera,2021-08-25,9894398
Sinovac,Segunda,2021-08-25,9262918
CanSino,Primera,2021-08-25,0
CanSino,Segunda,2021-08-25,533119
Astra-Zeneca,Primera,2021-08-25,383422
Astra-Zeneca,Segunda,2021-08-25,101824
Total,Primera,2021-08-26,13844777
Total,Segunda,2021-08-26,12898797
Pfizer,Primera,2021-08-26,3565928
Pfizer,Segunda,2021-08-26,3532472
Sinovac,Primera,2021-08-26,9895374
Sinovac,Segunda,2021-08-26,9264114
CanSino,Primera,2021-08-26,0
CanSino,Segunda,2021-08-26,534600
Astra-Zeneca,Primera,2021-08-26,383475
Astra-Zeneca,Segunda,2021-08-26,102211
Total,Primera,2021-08-27,13846190
Total,Segunda,2021-08-27,12951265
Pfizer,Primera,2021-08-27,3566390
Pfizer,Segunda,2021-08-27,3583406
Sinovac,Primera,2021-08-27,9896271
Sinovac,Segunda,2021-08-27,9265289
CanSino,Primera,2021-08-27,0
CanSino,Segunda,2021-08-27,536064
Astra-Zeneca,Primera,2021-08-27,383529
Astra-Zeneca,Segunda,2021-08-27,102570
Total,Primera,2021-08-28,13846413
Total,Segunda,2021-08-28,12952402
Pfizer,Primera,2021-08-28,3566459
Pfizer,Segunda,2021-08-28,3584397
Sinovac,Primera,2021-08-28,9896419
Sinovac,Segunda,2021-08-28,9265414
CanSino,Primera,2021-08-28,0
CanSino,Segunda,2021-08-28,537117
Astra-Zeneca,Primera,2021-08-28,383535
Astra-Zeneca,Segunda,2021-08-28,102591
Total,Primera,2021-08-29,13846490
Total,Segunda,2021-08-29,12952567
Pfizer,Primera,2021-08-29,3566472
Pfizer,Segunda,2021-08-29,3584484
Sinovac,Primera,2021-08-29,9896480
Sinovac,Segunda,2021-08-29,9265489
CanSino,Primera,2021-08-29,0
CanSino,Segunda,2021-08-29,537513
Astra-Zeneca,Primera,2021-08-29,383538
Astra-Zeneca,Segunda,2021-08-29,102594
Total,Primera,2021-08-30,13864430
Total,Segunda,2021-08-30,13029731
Pfizer,Primera,2021-08-30,3566792
Pfizer,Segunda,2021-08-30,3586714
Sinovac,Primera,2021-08-30,9913015
Sinovac,Segunda,2021-08-30,9338987
CanSino,Primera,2021-08-30,0
CanSino,Segunda,2021-08-30,541524
Astra-Zeneca,Primera,2021-08-30,384623
Astra-Zeneca,Segunda,2021-08-30,104030
Total,Primera,2021-08-31,13882070
Total,Segunda,2021-08-31,13120002
Pfizer,Primera,2021-08-31,3567118
Pfizer,Segunda,2021-08-31,3588482
Sinovac,Primera,2021-08-31,9929164
Sinovac,Segunda,2021-08-31,9426001
CanSino,Primera,2021-08-31,0
CanSino,Segunda,2021-08-31,545818
Astra-Zeneca,Primera,2021-08-31,385788
Astra-Zeneca,Segunda,2021-08-31,105519
Total,Primera,2021-09-01,13883476
Total,Segunda,2021-09-01,13153225
Pfizer,Primera,2021-09-01,3567597
Pfizer,Segunda,2021-09-01,3617341
Sinovac,Primera,2021-09-01,9930026
Sinovac,Segunda,2021-09-01,9429998
CanSino,Primera,2021-09-01,0
CanSino,Segunda,2021-09-01,547189
Astra-Zeneca,Primera,2021-09-01,385853
Astra-Zeneca,Segunda,2021-09-01,105886
Total,Primera,2021-09-02,13884729
Total,Segunda,2021-09-02,13176755
Pfizer,Primera,2021-09-02,3567988
Pfizer,Segunda,2021-09-02,3638142
Sinovac,Primera,2021-09-02,9930840
Sinovac,Segunda,2021-09-02,9432461
CanSino,Primera,2021-09-02,0
CanSino,Segunda,2021-09-02,548320
Astra-Zeneca,Primera,2021-09-02,385901
Astra-Zeneca,Segunda,2021-09-02,106152
Total,Primera,2021-09-03,13885680
Total,Segunda,2021-09-03,13193538
Pfizer,Primera,2021-09-03,3568307
Pfizer,Segunda,2021-09-03,3652698
Sinovac,Primera,2021-09-03,9931425
Sinovac,Segunda,2021-09-03,9434454
CanSino,Primera,2021-09-03,0
CanSino,Segunda,2021-09-03,549641
Astra-Zeneca,Primera,2021-09-03,385948
Astra-Zeneca,Segunda,2021-09-03,106386
Total,Primera,2021-09-04,13885863
Total,Segunda,2021-09-04,13194019
Pfizer,Primera,2021-09-04,3568325
Pfizer,Segunda,2021-09-04,3652930
Sinovac,Primera,2021-09-04,9931572
Sinovac,Segunda,2021-09-04,9434688
CanSino,Primera,2021-09-04,0
CanSino,Segunda,2021-09-04,549999
Astra-Zeneca,Primera,2021-09-04,385966
Astra-Zeneca,Segunda,2021-09-04,106401
Total,Primera,2021-09-05,13885881
Total,Segunda,2021-09-05,13194053
Pfizer,Primera,2021-09-05,3568331
Pfizer,Segunda,2021-09-05,3652946
Sinovac,Primera,2021-09-05,9931584
Sinovac,Segunda,2021-09-05,9434706
CanSino,Primera,2021-09-05,0
CanSino,Segunda,2021-09-05,550123
Astra-Zeneca,Primera,2021-09-05,385966
Astra-Zeneca,Segunda,2021-09-05,106401
Total,Primera,2021-09-06,13900587
Total,Segunda,2021-09-06,13253228
Pfizer,Primera,2021-09-06,3568548
Pfizer,Segunda,2021-09-06,3653865
Sinovac,Primera,2021-09-06,9945008
Sinovac,Segunda,2021-09-06,9492284
CanSino,Primera,2021-09-06,0
CanSino,Segunda,2021-09-06,552499
Astra-Zeneca,Primera,2021-09-06,387031
Astra-Zeneca,Segunda,2021-09-06,107079
Total,Primera,2021-09-07,13915794
Total,Segunda,2021-09-07,13314347
Pfizer,Primera,2021-09-07,3568815
Pfizer,Segunda,2021-09-07,3654843
Sinovac,Primera,2021-09-07,9959016
Sinovac,Segunda,2021-09-07,9551801
CanSino,Primera,2021-09-07,0
CanSino,Segunda,2021-09-07,554597
Astra-Zeneca,Primera,2021-09-07,387963
Astra-Zeneca,Segunda,2021-09-07,107703
Total,Primera,2021-09-08,13916957
Total,Segunda,2021-09-08,13329527
Pfizer,Primera,2021-09-08,3569154
Pfizer,Segunda,2021-09-08,3667122
Sinovac,Primera,2021-09-08,9959799
Sinovac,Segunda,2021-09-08,9554528
CanSino,Primera,2021-09-08,0
CanSino,Segunda,2021-09-08,555337
Astra-Zeneca,Primera,2021-09-08,388004
Astra-Zeneca,Segunda,2021-09-08,107877
Total,Primera,2021-09-09,13918034
Total,Segunda,2021-09-09,13340522
Pfizer,Primera,2021-09-09,3569452
Pfizer,Segunda,2021-09-09,3675399
Sinovac,Primera,2021-09-09,9960548
Sinovac,Segunda,2021-09-09,9557098
CanSino,Primera,2021-09-09,0
CanSino,Segunda,2021-09-09,555984
Astra-Zeneca,Primera,2021-09-09,388034
Astra-Zeneca,Segunda,2021-09-09,108025
Total,Primera,2021-09-10,13918942
Total,Segunda,2021-09-10,13349474
Pfizer,Primera,2021-09-10,3569755
Pfizer,Segunda,2021-09-10,3682378
Sinovac,Primera,2021-09-10,9961117
Sinovac,Segunda,2021-09-10,9558938
CanSino,Primera,2021-09-10,0
CanSino,Segunda,2021-09-10,556562
Astra-Zeneca,Primera,2021-09-10,388070
Astra-Zeneca,Segunda,2021-09-10,108158
Total,Primera,2021-09-11,13919117
Total,Segunda,2021-09-11,13349888
Pfizer,Primera,2021-09-11,3569780
Pfizer,Segunda,2021-09-11,3682522
Sinovac,Primera,2021-09-11,9961259
Sinovac,Segunda,2021-09-11,9559197
CanSino,Primera,2021-09-11,0
CanSino,Segunda,2021-09-11,556764
Astra-Zeneca,Primera,2021-09-11,388078
Astra-Zeneca,Segunda,2021-09-11,108169
Total,Primera,2021-09-12,13919135
Total,Segunda,2021-09-12,13349919
Pfizer,Primera,2021-09-12,3569783
Pfizer,Segunda,2021-09-12,3682535
Sinovac,Primera,2021-09-12,9961274
Sinovac,Segunda,2021-09-12,9559211
CanSino,Primera,2021-09-12,0
CanSino,Segunda,2021-09-12,556791
Astra-Zeneca,Primera,2021-09-12,388078
Astra-Zeneca,Segunda,2021-09-12,108173
Total,Primera,2021-09-13,13983032
Total,Segunda,2021-09-13,13388602
Pfizer,Primera,2021-09-13,3570276
Pfizer,Segunda,2021-09-13,3686450
Sinovac,Primera,2021-09-13,10023964
Sinovac,Segunda,2021-09-13,9593653
CanSino,Primera,2021-09-13,0
CanSino,Segunda,2021-09-13,557952
Astra-Zeneca,Primera,2021-09-13,388792
Astra-Zeneca,Segunda,2021-09-13,108499
Total,Primera,2021-09-14,14033082
Total,Segunda,2021-09-14,13427277
Pfizer,Primera,2021-09-14,3570711
Pfizer,Segunda,2021-09-14,3690497
Sinovac,Primera,2021-09-14,10073006
Sinovac,Segunda,2021-09-14,9627983
CanSino,Primera,2021-09-14,0
CanSino,Segunda,2021-09-14,559251
Astra-Zeneca,Primera,2021-09-14,389365
Astra-Zeneca,Segunda,2021-09-14,108797
Total,Primera,2021-09-15,14087991
Total,Segunda,2021-09-15,13442545
Pfizer,Primera,2021-09-15,3571139
Pfizer,Segunda,2021-09-15,3695267
Sinovac,Primera,2021-09-15,10127121
Sinovac,Segunda,2021-09-15,9638320
CanSino,Primera,2021-09-15,0
CanSino,Segunda,2021-09-15,560276
Astra-Zeneca,Primera,2021-09-15,389731
Astra-Zeneca,Segunda,2021-09-15,108958
Total,Primera,2021-09-16,14115000
Total,Segunda,2021-09-16,13450454
Pfizer,Primera,2021-09-16,3571466
Pfizer,Segunda,2021-09-16,3698084
Sinovac,Primera,2021-09-16,10153578
Sinovac,Segunda,2021-09-16,9643321
CanSino,Primera,2021-09-16,0
CanSino,Segunda,2021-09-16,560854
Astra-Zeneca,Primera,2021-09-16,389956
Astra-Zeneca,Segunda,2021-09-16,109049
Total,Primera,2021-09-17,14115076
Total,Segunda,2021-09-17,13450503
Pfizer,Primera,2021-09-17,3571468
Pfizer,Segunda,2021-09-17,3698113
Sinovac,Primera,2021-09-17,10153652
Sinovac,Segunda,2021-09-17,9643341
CanSino,Primera,2021-09-17,0
CanSino,Segunda,2021-09-17,560858
Astra-Zeneca,Primera,2021-09-17,389956
Astra-Zeneca,Segunda,2021-09-17,109049
Total,Primera,2021-09-18,14115078
Total,Segunda,2021-09-18,13450507
Pfizer,Primera,2021-09-18,3571468
Pfizer,Segunda,2021-09-18,3698113
Sinovac,Primera,2021-09-18,10153654
Sinovac,Segunda,2021-09-18,9643345
CanSino,Primera,2021-09-18,0
CanSino,Segunda,2021-09-18,560868
Astra-Zeneca,Primera,2021-09-18,389956
Astra-Zeneca,Segunda,2021-09-18,109049
Total,Primera,2021-09-19,14115078
Total,Segunda,2021-09-19,13450509
Pfizer,Primera,2021-09-19,3571468
Pfizer,Segunda,2021-09-19,3698113
Sinovac,Primera,2021-09-19,10153654
Sinovac,Segunda,2021-09-19,9643347
CanSino,Primera,2021-09-19,0
CanSino,Segunda,2021-09-19,560871
Astra-Zeneca,Primera,2021-09-19,389956
Astra-Zeneca,Segunda,2021-09-19,109049
Total,Primera,2021-09-20,14180901
Total,Segunda,2021-09-20,13472928
Pfizer,Primera,2021-09-20,3571900
Pfizer,Segunda,2021-09-20,3701147
Sinovac,Primera,2021-09-20,10218472
Sinovac,Segunda,2021-09-20,9661717
CanSino,Primera,2021-09-20,0
CanSino,Segunda,2021-09-20,561825
Astra-Zeneca,Primera,2021-09-20,390529
Astra-Zeneca,Segunda,2021-09-20,110064
Total,Primera,2021-09-21,14242441
Total,Segunda,2021-09-21,13496443
Pfizer,Primera,2021-09-21,3572214
Pfizer,Segunda,2021-09-21,3704198
Sinovac,Primera,2021-09-21,10279126
Sinovac,Segunda,2021-09-21,9681089
CanSino,Primera,2021-09-21,0
CanSino,Segunda,2021-09-21,562745
Astra-Zeneca,Primera,2021-09-21,391101
Astra-Zeneca,Segunda,2021-09-21,111156
Total,Primera,2021-09-22,14316205
Total,Segunda,2021-09-22,13513780
Pfizer,Primera,2021-09-22,3572556
Pfizer,Segunda,2021-09-22,3707242
Sinovac,Primera,2021-09-22,10352116
Sinovac,Segunda,2021-09-22,9694617
CanSino,Primera,2021-09-22,0
CanSino,Segunda,2021-09-22,563403
Astra-Zeneca,Primera,2021-09-22,391533
Astra-Zeneca,Segunda,2021-09-22,111921
Total,Primera,2021-09-23,14367535
Total,Segunda,2021-09-23,13524510
Pfizer,Primera,2021-09-23,3572941
Pfizer,Segunda,2021-09-23,3710317
Sinovac,Primera,2021-09-23,10402673
Sinovac,Segunda,2021-09-23,9701931
CanSino,Primera,2021-09-23,0
CanSino,Segunda,2021-09-23,563978
Astra-Zeneca,Primera,2021-09-23,391921
Astra-Zeneca,Segunda,2021-09-23,112262
Total,Primera,2021-09-24,14439163
Total,Segunda,2021-09-24,13533721
Pfizer,Primera,2021-09-24,3573305
Pfizer,Segunda,2021-09-24,3713538
Sinovac,Primera,2021-09-24,10473573
Sinovac,Segunda,2021-09-24,9707701
CanSino,Primera,2021-09-24,0
CanSino,Segunda,2021-09-24,564493
Astra-Zeneca,Primera,2021-09-24,392285
Astra-Zeneca,Segunda,2021-09-24,112482
Total,Primera,2021-09-25,14439942
Total,Segunda,2021-09-25,13533990
Pfizer,Primera,2021-09-25,3573337
Pfizer,Segunda,2021-09-25,3713637
Sinovac,Primera,2021-09-25,10474316
Sinovac,Segunda,2021-09-25,9707870
CanSino,Primera,2021-09-25,0
CanSino,Segunda,2021-09-25,564625
Astra-Zeneca,Primera,2021-09-25,392289
Astra-Zeneca,Segunda,2021-09-25,112483
Total,Primera,2021-09-26,14440058
Total,Segunda,2021-09-26,13534012
Pfizer,Primera,2021-09-26,3573344
Pfizer,Segunda,2021-09-26,3713638
Sinovac,Primera,2021-09-26,10474425
Sinovac,Segunda,2021-09-26,9707891
CanSino,Primera,2021-09-26,0
CanSino,Segunda,2021-09-26,564664
Astra-Zeneca,Primera,2021-09-26,392289
Astra-Zeneca,Segunda,2021-09-26,112483
Total,Primera,2021-09-27,14538857
Total,Segunda,2021-09-27,13551335
Pfizer,Primera,2021-09-27,3573648
Pfizer,Segunda,2021-09-27,3716255
Sinovac,Primera,2021-09-27,10572314
Sinovac,Segunda,2021-09-27,9721773
CanSino,Primera,2021-09-27,0
CanSino,Segunda,2021-09-27,565229
Astra-Zeneca,Primera,2021-09-27,392895
Astra-Zeneca,Segunda,2021-09-27,113307
Total,Primera,2021-09-28,14659773
Total,Segunda,2021-09-28,13570891
Pfizer,Primera,2021-09-28,3574057
Pfizer,Segunda,2021-09-28,3719250
Sinovac,Primera,2021-09-28,10692048
Sinovac,Segunda,2021-09-28,9737389
CanSino,Primera,2021-09-28,0
CanSino,Segunda,2021-09-28,565813
Astra-Zeneca,Primera,2021-09-28,393668
Astra-Zeneca,Segunda,2021-09-28,114252
Total,Primera,2021-09-29,14782947
Total,Segunda,2021-09-29,13581951
Pfizer,Primera,2021-09-29,3574446
Pfizer,Segunda,2021-09-29,3722350
Sinovac,Primera,2021-09-29,10814144
Sinovac,Segunda,2021-09-29,9744953
CanSino,Primera,2021-09-29,0
CanSino,Segunda,2021-09-29,566376
Astra-Zeneca,Primera,2021-09-29,394357
Astra-Zeneca,Segunda,2021-09-29,114648
Total,Primera,2021-09-30,14897803
Total,Segunda,2021-09-30,13590438
Pfizer,Primera,2021-09-30,3574818
Pfizer,Segunda,2021-09-30,3725132
Sinovac,Primera,2021-09-30,10927993
Sinovac,Segunda,2021-09-30,9750426
CanSino,Primera,2021-09-30,0
CanSino,Segunda,2021-09-30,566805
Astra-Zeneca,Primera,2021-09-30,394992
Astra-Zeneca,Segunda,2021-09-30,114880
Total,Primera,2021-10-01,15002684
Total,Segunda,2021-10-01,13597594
Pfizer,Primera,2021-10-01,3575169
Pfizer,Segunda,2021-10-01,3727630
Sinovac,Primera,2021-10-01,11031945
Sinovac,Segunda,2021-10-01,9754913
CanSino,Primera,2021-10-01,0
CanSino,Segunda,2021-10-01,567429
Astra-Zeneca,Primera,2021-10-01,395570
Astra-Zeneca,Segunda,2021-10-01,115051
Total,Primera,2021-10-02,15008614
Total,Segunda,2021-10-02,13597905
Pfizer,Primera,2021-10-02,3575363
Pfizer,Segunda,2021-10-02,3727739
Sinovac,Primera,2021-10-02,11037652
Sinovac,Segunda,2021-10-02,9755107
CanSino,Primera,2021-10-02,0
CanSino,Segunda,2021-10-02,567485
Astra-Zeneca,Primera,2021-10-02,395599
Astra-Zeneca,Segunda,2021-10-02,115059
Total,Primera,2021-10-03,15009028
Total,Segunda,2021-10-03,13597962
Pfizer,Primera,2021-10-03,3575515
Pfizer,Segunda,2021-10-03,3727758
Sinovac,Primera,2021-10-03,11037908
Sinovac,Segunda,2021-10-03,9755143
CanSino,Primera,2021-10-03,0
CanSino,Segunda,2021-10-03,567512
Astra-Zeneca,Primera,2021-10-03,395605
Astra-Zeneca,Segunda,2021-10-03,115061
Total,Primera,2021-10-04,15092429
Total,Segunda,2021-10-04,13612924
Pfizer,Primera,2021-10-04,3579184
Pfizer,Segunda,2021-10-04,3730141
Sinovac,Primera,2021-10-04,11116850
Sinovac,Segunda,2021-10-04,9766924
CanSino,Primera,2021-10-04,0
CanSino,Segunda,2021-10-04,567832
Astra-Zeneca,Primera,2021-10-04,396395
Astra-Zeneca,Segunda,2021-10-04,115859
Total,Primera,2021-10-05,15169373
Total,Segunda,2021-10-05,13628376
Pfizer,Primera,2021-10-05,3582785
Pfizer,Segunda,2021-10-05,3732219
Sinovac,Primera,2021-10-05,11189563
Sinovac,Segunda,2021-10-05,9779561
CanSino,Primera,2021-10-05,0
CanSino,Segunda,2021-10-05,568148
Astra-Zeneca,Primera,2021-10-05,397025
Astra-Zeneca,Segunda,2021-10-05,116596
Total,Primera,2021-10-06,15238789
Total,Segunda,2021-10-06,13635513
Pfizer,Primera,2021-10-06,3586368
Pfizer,Segunda,2021-10-06,3734104
Sinovac,Primera,2021-10-06,11254909
Sinovac,Segunda,2021-10-06,9784590
CanSino,Primera,2021-10-06,0
CanSino,Segunda,2021-10-06,568565
Astra-Zeneca,Primera,2021-10-06,397512
Astra-Zeneca,Segunda,2021-10-06,116819
Total,Primera,2021-10-07,15302231
Total,Segunda,2021-10-07,13641361
Pfizer,Primera,2021-10-07,3589949
Pfizer,Segunda,2021-10-07,3735808
Sinovac,Primera,2021-10-07,11314330
Sinovac,Segunda,2021-10-07,9788578
CanSino,Primera,2021-10-07,0
CanSino,Segunda,2021-10-07,568822
Astra-Zeneca,Primera,2021-10-07,397952
Astra-Zeneca,Segunda,2021-10-07,116975
Total,Primera,2021-10-08,15356190
Total,Segunda,2021-10-08,13646765
Pfizer,Primera,2021-10-08,3593519
Pfizer,Segunda,2021-10-08,3737388
Sinovac,Primera,2021-10-08,11364324
Sinovac,Segunda,2021-10-08,9792220
CanSino,Primera,2021-10-08,0
CanSino,Segunda,2021-10-08,569009
Astra-Zeneca,Primera,2021-10-08,398347
Astra-Zeneca,Segunda,2021-10-08,117157
Total,Primera,2021-10-09,15358089
Total,Segunda,2021-10-09,13646987
Pfizer,Primera,2021-10-09,3593714
Pfizer,Segunda,2021-10-09,3737454
Sinovac,Primera,2021-10-09,11366011
Sinovac,Segunda,2021-10-09,9792367
CanSino,Primera,2021-10-09,0
CanSino,Segunda,2021-10-09,569057
Astra-Zeneca,Primera,2021-10-09,398364
Astra-Zeneca,Segunda,2021-10-09,117166
Total,Primera,2021-10-10,15358192
Total,Segunda,2021-10-10,13647006
Pfizer,Primera,2021-10-10,3593752
Pfizer,Segunda,2021-10-10,3737455
Sinovac,Primera,2021-10-10,11366074
Sinovac,Segunda,2021-10-10,9792385
CanSino,Primera,2021-10-10,0
CanSino,Segunda,2021-10-10,569057
Astra-Zeneca,Primera,2021-10-10,398366
Astra-Zeneca,Segunda,2021-10-10,117166
Total,Primera,2021-10-11,15358710
Total,Segunda,2021-10-11,13647255
Pfizer,Primera,2021-10-11,3593785
Pfizer,Segunda,2021-10-11,3737468
Sinovac,Primera,2021-10-11,11366556
Sinovac,Segunda,2021-10-11,9792620
CanSino,Primera,2021-10-11,0
CanSino,Segunda,2021-10-11,569057
Astra-Zeneca,Primera,2021-10-11,398369
Astra-Zeneca,Segunda,2021-10-11,117167
Total,Primera,2021-10-12,15392956
Total,Segunda,2021-10-12,13682423
Pfizer,Primera,2021-10-12,3595404
Pfizer,Segunda,2021-10-12,3738661
Sinovac,Primera,2021-10-12,11398833
Sinovac,Segunda,2021-10-12,9826063
CanSino,Primera,2021-10-12,0
CanSino,Segunda,2021-10-12,569184
Astra-Zeneca,Primera,2021-10-12,398719
Astra-Zeneca,Segunda,2021-10-12,117699
